#
# A fatal error has been detected by the Java Runtime Environment:
#
#  EXCEPTION_ACCESS_VIOLATION (0xc0000005) at pc=0x0000000000000345, pid=9896, tid=16560
#
# JRE version: OpenJDK Runtime Environment Temurin-17.0.18+8 (17.0.18+8) (build 17.0.18+8)
# Java VM: OpenJDK 64-Bit Server VM Temurin-17.0.18+8 (17.0.18+8, mixed mode, sharing, tiered, compressed oops, compressed class ptrs, g1 gc, windows-amd64)
# Problematic frame:
# V  [jvm.dll+0x3154e7]
#
# No core dump will be written. Minidumps are not enabled by default on client versions of Windows
#
# If you would like to submit a bug report, please visit:
#   https://github.com/adoptium/adoptium-support/issues
#

---------------  S U M M A R Y ------------

Command Line: --add-opens=java.base/java.lang=ALL-UNNAMED --add-opens=java.base/java.lang.invoke=ALL-UNNAMED --add-opens=java.base/java.util=ALL-UNNAMED --add-opens=java.prefs/java.util.prefs=ALL-UNNAMED --add-exports=jdk.compiler/com.sun.tools.javac.api=ALL-UNNAMED --add-exports=jdk.compiler/com.sun.tools.javac.util=ALL-UNNAMED --add-opens=java.base/java.util=ALL-UNNAMED --add-opens=java.prefs/java.util.prefs=ALL-UNNAMED --add-opens=java.base/java.nio.charset=ALL-UNNAMED --add-opens=java.base/java.net=ALL-UNNAMED --add-opens=java.base/java.util.concurrent=ALL-UNNAMED --add-opens=java.base/java.util.concurrent.atomic=ALL-UNNAMED --add-opens=java.xml/javax.xml.namespace=ALL-UNNAMED --add-opens=java.base/java.time=ALL-UNNAMED -Xmx4096m -Dfile.encoding=UTF-8 -Duser.country=US -Duser.language=en -Duser.variant -javaagent:C:\Users\LENOVO\.gradle\wrapper\dists\gradle-9.1.0-bin\9agqghryom9wkf8r80qlhnts3\gradle-9.1.0\lib\agents\gradle-instrumentation-agent-9.1.0.jar org.gradle.launcher.daemon.bootstrap.GradleDaemon 9.1.0

Host: AMD Ryzen 5 4500U with Radeon Graphics         , 6 cores, 9G,  Windows 11 , 64 bit Build 26100 (10.0.26100.7705)
Time: Sun Feb  8 15:25:09 2026 SE Asia Standard Time elapsed time: 41.217133 seconds (0d 0h 0m 41s)

---------------  T H R E A D  ---------------

Current thread (0x000002444653a440):  GCTaskThread "GC Thread#0" [stack: 0x000000de41600000,0x000000de41700000] [id=16560]

Stack: [0x000000de41600000,0x000000de41700000],  sp=0x000000de416ff4f0,  free space=1021k
Native frames: (J=compiled Java code, j=interpreted, Vv=VM code, C=native code)
C  0x0000000000000345


siginfo: EXCEPTION_ACCESS_VIOLATION (0xc0000005), data execution prevention violation at address 0x0000000000000345


Registers:
RAX=0x0000000000000244, RBX=0x000000070d5eb338, RCX=0x000000de416ff590, RDX=0x000000070d5e9fe8
RSP=0x000000de416ff4e8, RBP=0x000002448b7d6af0, RSI=0x00000244464dce00, RDI=0x000000070d5e9ff0
R8 =0x000002440259c400, R9 =0x00007fffc7e20000, R10=0x00007ff862790000, R11=0x4040404040404040
R12=0x000000070d5eac00, R13=0x000002444653a970, R14=0x0000000000000000, R15=0x000000070d5e9fe8
RIP=0x0000000000000345, EFLAGS=0x0000000000010206

XMM[0]=0x0000000000000000 0x4040404040404040
XMM[1]=0x0000000000000000 0x0000000000000000
XMM[2]=0x0000000000000000 0x0000000000000000
XMM[3]=0x0000000000000000 0x0000000000000000
XMM[4]=0x0000000000000000 0x0000000000000000
XMM[5]=0x656c6c6f72746e6f 0x43737465736e4977
XMM[6]=0x0000000000000000 0x0000000000000000
XMM[7]=0x0000000000000000 0x0000000000000000
XMM[8]=0x0000000000000000 0x0000000000000000
XMM[9]=0x0000000000000000 0x0000000000000000
XMM[10]=0x0000000000000000 0x0000000000000000
XMM[11]=0x0000000000000000 0x0000000000000000
XMM[12]=0x0000000000000000 0x0000000000000000
XMM[13]=0x0000000000000000 0x0000000000000000
XMM[14]=0x0000000000000000 0x0000000000000000
XMM[15]=0x0000000000000000 0x0000000000000000
  MXCSR=0x00001fa0


Register to memory mapping:

RIP=0x0000000000000345 is an unknown value
RAX=0x0000000000000244 is an unknown value
RBX=0x000000070d5eb338 points into unknown readable memory: 0xe1abd683e1abd67e | 7e d6 ab e1 83 d6 ab e1
RCX=0x000000de416ff590 points into unknown readable memory: 0x00007fffc877f868 | 68 f8 77 c8 ff 7f 00 00
RDX=0x000000070d5e9fe8 points into unknown readable memory: 0x0000000000000009 | 09 00 00 00 00 00 00 00
RSP=0x000000de416ff4e8 points into unknown readable memory: 0x00007fffc81354e7 | e7 54 13 c8 ff 7f 00 00
RBP=0x000002448b7d6af0 points into unknown readable memory: 0x000000070d400000 | 00 00 40 0d 07 00 00 00
RSI=0x00000244464dce00 points into unknown readable memory: 0x000002444654ef40 | 40 ef 54 46 44 02 00 00
RDI=0x000000070d5e9ff0 points into unknown readable memory: 0xe2aad5f10259c400 | 00 c4 59 02 f1 d5 aa e2
R8 =0x000002440259c400 is pointing into metadata
R9 =0x00007fffc7e20000 jvm.dll
R10=0x00007ff862790000 VCRUNTIME140.dll
R11=0x4040404040404040 is an unknown value
R12=0x000000070d5eac00 points into unknown readable memory: 0xe2aad5f1025201f8 | f8 01 52 02 f1 d5 aa e2
R13=0x000002444653a970 points into unknown readable memory: 0x00007fffc8779c28 | 28 9c 77 c8 ff 7f 00 00
R14=0x0 is NULL
R15=0x000000070d5e9fe8 points into unknown readable memory: 0x0000000000000009 | 09 00 00 00 00 00 00 00


Top of Stack: (sp=0x000000de416ff4e8)
0x000000de416ff4e8:   00007fffc81354e7 000002448b7d6af0
0x000000de416ff4f8:   00000244464dce60 000002448b7d6af0
0x000000de416ff508:   00007fffc8128be8 000000070d4e6000
0x000000de416ff518:   0000024473180030 000002445d9aaf40
0x000000de416ff528:   0000000000000001 000000de416ff720
0x000000de416ff538:   0000000000000040 000000de416ff720
0x000000de416ff548:   000000070d5eaa00 000002448b7d6af0
0x000000de416ff558:   00007fffc81364b7 000000070d5eaa00
0x000000de416ff568:   000000de416ff580 000000de416ff590
0x000000de416ff578:   00000244464dba20 000000070d5eaa00
0x000000de416ff588:   0000000000000040 00007fffc877f868
0x000000de416ff598:   0000000000000000 00000244464dce60
0x000000de416ff5a8:   0000024473180030 000002445d9aaf80
0x000000de416ff5b8:   00007fffc813834b 000000000006af55
0x000000de416ff5c8:   000002445d9aaf57 0000000000000016
0x000000de416ff5d8:   0000000000000001 000002448b1f2020
0x000000de416ff5e8:   00000000000083b0 000002448b1f2b80
0x000000de416ff5f8:   000002448b1fa008 0000000000000000
0x000000de416ff608:   0000000000000000 000000255d000000
0x000000de416ff618:   00007fffc861919e 000000de416ff6a0
0x000000de416ff628:   00007fffc81206b2 000000de416ff778
0x000000de416ff638:   0000000000000005 0000000000000096
0x000000de416ff648:   00000244464db960 00007fffc8136ac0
0x000000de416ff658:   000002448b7d6af0 00000244464dba20
0x000000de416ff668:   000000de416ff789 000000de416ff720
0x000000de416ff678:   00007fffc8136b0d 000000de0000006a
0x000000de416ff688:   00000244464dc7a0 000000000006af40
0x000000de416ff698:   000000000000006a 0000024473180030
0x000000de416ff6a8:   00000000188bb8e5 0000000000000000
0x000000de416ff6b8:   000000de416ff778 000000de416ff788
0x000000de416ff6c8:   00000000188ab000 00000244464dce60
0x000000de416ff6d8:   00007fffc8137ed5 000000000000009b 

Instructions: (pc=0x00007fffc81354e7)
0x00007fffc81353e7:   21 fc ff 45 32 f6 48 8d 1c c3 e9 f1 00 00 00 80
0x00007fffc81353f7:   3d 38 71 87 00 00 48 8d 7b 08 74 14 8b 17 8b 0d
0x00007fffc8135407:   fd ae 80 00 48 d3 e2 48 03 15 eb ae 80 00 eb 03
0x00007fffc8135417:   48 8b 17 48 8b cb e8 ae 76 cf ff 48 63 c8 45 32
0x00007fffc8135427:   f6 48 8d 1c cb 40 84 f6 0f 85 b2 00 00 00 0f b6
0x00007fffc8135437:   15 f9 70 87 00 8b 0d c6 ae 80 00 4c 8b 0d b7 ae
0x00007fffc8135447:   80 00 84 d2 74 0e 44 8b 07 41 8b c0 48 d3 e0 49
0x00007fffc8135457:   03 c1 eb 06 48 8b 07 44 8b c0 81 78 08 00 00 00
0x00007fffc8135467:   c0 7d 50 4c 3b 7c 24 70 72 05 49 3b dc 76 44 84
0x00007fffc8135477:   d2 74 08 49 d3 e0 4d 03 c1 eb 03 4c 8b 07 48 8b
0x00007fffc8135487:   44 24 78 4c 8d 4c 24 20 48 8b 8c 24 80 00 00 00
0x00007fffc8135497:   4c 8d 15 62 ab ce ff 49 8b d7 0f 10 00 49 63 40
0x00007fffc81354a7:   0c 0f 29 44 24 20 41 ff 94 c2 88 10 b2 00 41 b6
0x00007fffc81354b7:   01 eb 2d 84 d2 74 08 49 d3 e0 4d 03 c1 eb 03 4c
0x00007fffc81354c7:   8b 07 49 63 40 0c 4c 8d 0d 2c ab ce ff 48 8b 8c
0x00007fffc81354d7:   24 80 00 00 00 49 8b d7 41 ff 94 c1 58 10 b2 00
0x00007fffc81354e7:   49 3b dc 0f 82 93 fe ff ff 4c 8b ac 24 88 00 00
0x00007fffc81354f7:   00 45 84 f6 49 0f 45 dc 48 8b c3 48 83 c4 30 41
0x00007fffc8135507:   5f 41 5e 41 5c 5f 5e 5d 5b c3 cc cc cc cc cc cc
0x00007fffc8135517:   cc cc cc cc cc cc cc cc cc 4c 89 44 24 18 48 89
0x00007fffc8135527:   54 24 10 57 41 56 48 83 ec 58 8b 81 94 00 00 00
0x00007fffc8135537:   4c 8b f1 48 8b 3d 97 e5 8a 00 c1 e8 02 a8 01 74
0x00007fffc8135547:   1d 0f 10 02 4c 8b cf 48 8d 54 24 20 0f 29 44 24
0x00007fffc8135557:   20 e8 63 be ff ff 48 83 c4 58 41 5e 5f c3 48 8b
0x00007fffc8135567:   0a 48 8b 42 08 48 8b d1 48 89 9c 24 88 00 00 00
0x00007fffc8135577:   48 89 6c 24 50 4c 89 64 24 40 4c 8d 24 c1 48 89
0x00007fffc8135587:   4c 24 70 49 8b ce 4c 89 6c 24 38 4c 89 7c 24 30
0x00007fffc8135597:   e8 e4 7f fc ff 48 8b 8f e8 04 00 00 48 8b d8 48
0x00007fffc81355a7:   89 74 24 48 4c 8b a9 90 00 00 00 4c 8b fb 49 3b
0x00007fffc81355b7:   9e b8 00 00 00 73 3d 41 8b 4d 18 48 8b c3 49 2b
0x00007fffc81355c7:   45 08 49 8b 55 20 48 c1 e8 03 48 d3 e8 4c 8b c0
0x00007fffc81355d7:   24 3f 49 c1 e8 06 0f b6 c8 4a 8b 04 c2 48 0f a3 


Stack slot to memory mapping:
stack at sp + 0 slots: 0x000002448b7d6af0 points into unknown readable memory: 0x000000070d400000 | 00 00 40 0d 07 00 00 00
stack at sp + 1 slots: 0x00000244464dce60 points into unknown readable memory: 0x00007fffc8777f90 | 90 7f 77 c8 ff 7f 00 00
stack at sp + 2 slots: 0x000002448b7d6af0 points into unknown readable memory: 0x000000070d400000 | 00 00 40 0d 07 00 00 00
stack at sp + 3 slots: 0x00007fffc8128be8 jvm.dll
stack at sp + 4 slots: 0x000000070d4e6000 is pointing into object: com.android.ide.common.resources.CompileResourceRequest$resEncodingSourceSetMap$2 
{0x000000070d4e5ff8} - klass: 'com/android/ide/common/resources/CompileResourceRequest$resEncodingSourceSetMap$2'
 - ---- fields (total size 3 words):
 - private final 'arity' 'I' @12  0
 - final synthetic '$resourcePathEncoding' 'Lcom/android/ide/common/resources/ResourcePathEncoding;' @16  a 'com/android/ide/common/resources/ResourcePathEncoding$Relative'{0x00000007089a8278} (e113504f)
stack at sp + 5 slots: 0x0000024473180030 points into unknown readable memory: 0x00007fffc877e998 | 98 e9 77 c8 ff 7f 00 00
stack at sp + 6 slots: 0x000002445d9aaf40 points into unknown readable memory: 0xffffffffffffffff | ff ff ff ff ff ff ff ff
stack at sp + 7 slots: 0x0000000000000001 is an unknown value


---------------  P R O C E S S  ---------------

Threads class SMR info:
_java_thread_list=0x000002447bafefc0, length=126, elements={
0x00000244464c8ae0, 0x000002446914eb30, 0x000002446914f600, 0x0000024469165660,
0x0000024469165f30, 0x0000024469166800, 0x00000244691690e0, 0x000002446916cd00,
0x000002446916d610, 0x000002446916ff30, 0x0000024469131d10, 0x000002446944eec0,
0x000002446f484a70, 0x000002446ec60cf0, 0x000002446f9d3610, 0x000002446f104210,
0x000002446ee2d300, 0x000002446ee2d810, 0x000002446ee2c3d0, 0x000002446ee2c8e0,
0x000002446ee2cdf0, 0x000002446f955810, 0x000002446f9539b0, 0x000002446f9543d0,
0x000002446f952570, 0x000002446f9548e0, 0x000002446f956230, 0x000002446f952a80,
0x000002446f956740, 0x000002446f955300, 0x000002446f952f90, 0x000002446f959ef0,
0x000002446f958fc0, 0x0000024469c309e0, 0x0000024469c30ef0, 0x0000024469c32330,
0x0000024469c31400, 0x0000024469c32840, 0x0000024469c32d50, 0x0000024469c33260,
0x0000024469c2fab0, 0x0000024469c33770, 0x000002446f958ab0, 0x000002446f9585a0,
0x000002446f957670, 0x0000024472692fa0, 0x000002448b898e40, 0x000002448b8965c0,
0x000002448b896fe0, 0x000002448b89a280, 0x000002448c6fcb70, 0x000002448c6fd080,
0x000002448c6fbc40, 0x000002446f328450, 0x000002446f327a30, 0x00000244696848c0,
0x0000024469682f70, 0x00000244696843b0, 0x0000024469683990, 0x000002448bcb15d0,
0x000002448bcdacb0, 0x000002448bcd8e50, 0x000002448bcd9360, 0x000002448bcd9870,
0x000002448bcd9d80, 0x0000024469683480, 0x0000024469683ea0, 0x000002448bcda290,
0x000002448bcdb1c0, 0x000002448bcda7a0, 0x000002448bcd7f20, 0x000002446f327f40,
0x000002448bcdb6d0, 0x000002448c6fc150, 0x000002448c6fc660, 0x000002446f16fbc0,
0x000002446f1700d0, 0x000002446f1705e0, 0x000002446f16f6b0, 0x000002448b89b1b0,
0x000002448b897a00, 0x000002446f170af0, 0x000002446f171000, 0x000002447bd60ee0,
0x000002447bd5faa0, 0x000002447bd604c0, 0x000002448c1ad690, 0x000002448b89b6c0,
0x000002448b89bbd0, 0x000002447bd613f0, 0x000002448c1ad180, 0x000002448b89c0e0,
0x000002448b89c5f0, 0x000002448b89cb00, 0x000002448c1aae10, 0x000002448b89d520,
0x000002446f9594d0, 0x000002446f955d20, 0x0000024469c2f5a0, 0x000002448cb3b760,
0x000002448ba90580, 0x000002448ba914b0, 0x000002448ba919c0, 0x000002448ba90fa0,
0x000002448b333460, 0x000002448b334390, 0x000002448b332a40, 0x000002447b22d690,
0x000002447b22c760, 0x000002447bd61900, 0x000002448ba90070, 0x000002448c1ab830,
0x000002447bd5ffb0, 0x000002448c1ae0b0, 0x000002448ba90a90, 0x000002447b22e0b0,
0x0000024481503a20, 0x000002448b89d010, 0x000002447bd61e10, 0x000002447bd5f080,
0x000002447b22ead0, 0x0000024481ab84b0, 0x000002446ee2bec0, 0x000002448c1adba0,
0x000002448cc023d0, 0x000002448c1acc70
}

Java Threads: ( => current thread )
  0x00000244464c8ae0 JavaThread "main" [_thread_blocked, id=7276, stack(0x000000de41500000,0x000000de41600000)]
  0x000002446914eb30 JavaThread "Reference Handler" daemon [_thread_blocked, id=14944, stack(0x000000de41c00000,0x000000de41d00000)]
  0x000002446914f600 JavaThread "Finalizer" daemon [_thread_blocked, id=4940, stack(0x000000de41d00000,0x000000de41e00000)]
  0x0000024469165660 JavaThread "Signal Dispatcher" daemon [_thread_blocked, id=10872, stack(0x000000de41e00000,0x000000de41f00000)]
  0x0000024469165f30 JavaThread "Attach Listener" daemon [_thread_blocked, id=2052, stack(0x000000de41f00000,0x000000de42000000)]
  0x0000024469166800 JavaThread "Service Thread" daemon [_thread_blocked, id=12804, stack(0x000000de42000000,0x000000de42100000)]
  0x00000244691690e0 JavaThread "Monitor Deflation Thread" daemon [_thread_blocked, id=1592, stack(0x000000de42100000,0x000000de42200000)]
  0x000002446916cd00 JavaThread "C2 CompilerThread0" daemon [_thread_blocked, id=16816, stack(0x000000de42200000,0x000000de42300000)]
  0x000002446916d610 JavaThread "C1 CompilerThread0" daemon [_thread_blocked, id=8568, stack(0x000000de42300000,0x000000de42400000)]
  0x000002446916ff30 JavaThread "Sweeper thread" daemon [_thread_blocked, id=10044, stack(0x000000de42400000,0x000000de42500000)]
  0x0000024469131d10 JavaThread "Common-Cleaner" daemon [_thread_blocked, id=14896, stack(0x000000de42500000,0x000000de42600000)]
  0x000002446944eec0 JavaThread "Notification Thread" daemon [_thread_blocked, id=18088, stack(0x000000de42600000,0x000000de42700000)]
  0x000002446f484a70 JavaThread "Daemon health stats" [_thread_blocked, id=12396, stack(0x000000de42d00000,0x000000de42e00000)]
  0x000002446ec60cf0 JavaThread "Incoming local TCP Connector on port 58801" [_thread_in_native, id=5628, stack(0x000000de42e00000,0x000000de42f00000)]
  0x000002446f9d3610 JavaThread "Daemon periodic checks" [_thread_blocked, id=9244, stack(0x000000de42f00000,0x000000de43000000)]
  0x000002446f104210 JavaThread "Daemon" [_thread_blocked, id=14520, stack(0x000000de43000000,0x000000de43100000)]
  0x000002446ee2d300 JavaThread "Handler for socket connection from /127.0.0.1:58801 to /127.0.0.1:58802" [_thread_in_native, id=1760, stack(0x000000de43100000,0x000000de43200000)]
  0x000002446ee2d810 JavaThread "Cancel handler" [_thread_blocked, id=14912, stack(0x000000de43200000,0x000000de43300000)]
  0x000002446ee2c3d0 JavaThread "Daemon worker" [_thread_blocked, id=10008, stack(0x000000de43300000,0x000000de43400000)]
  0x000002446ee2c8e0 JavaThread "Asynchronous log dispatcher for DefaultDaemonConnection: socket connection from /127.0.0.1:58801 to /127.0.0.1:58802" [_thread_blocked, id=9472, stack(0x000000de43400000,0x000000de43500000)]
  0x000002446ee2cdf0 JavaThread "Stdin handler" [_thread_blocked, id=1684, stack(0x000000de43500000,0x000000de43600000)]
  0x000002446f955810 JavaThread "Daemon client event forwarder" [_thread_blocked, id=4840, stack(0x000000de43600000,0x000000de43700000)]
  0x000002446f9539b0 JavaThread "Cache worker for journal cache (C:\Users\LENOVO\.gradle\caches\journal-1)" [_thread_blocked, id=9276, stack(0x000000de43c00000,0x000000de43d00000)]
  0x000002446f9543d0 JavaThread "File lock request listener" [_thread_in_native, id=14660, stack(0x000000de43d00000,0x000000de43e00000)]
  0x000002446f952570 JavaThread "Cache worker for file hash cache (C:\Users\LENOVO\.gradle\caches\9.1.0\fileHashes)" [_thread_blocked, id=8424, stack(0x000000de42800000,0x000000de42900000)]
  0x000002446f9548e0 JavaThread "Cache worker for file hash cache (D:\Projeck APK\.gradle\9.1.0\fileHashes)" [_thread_blocked, id=7912, stack(0x000000de44000000,0x000000de44100000)]
  0x000002446f956230 JavaThread "Cache worker for Build Output Cleanup Cache (D:\Projeck APK\.gradle\buildOutputCleanup)" [_thread_blocked, id=15668, stack(0x000000de44100000,0x000000de44200000)]
  0x000002446f952a80 JavaThread "File watcher server" daemon [_thread_blocked, id=9540, stack(0x000000de44200000,0x000000de44300000)]
  0x000002446f956740 JavaThread "File watcher consumer" daemon [_thread_blocked, id=16752, stack(0x000000de44300000,0x000000de44400000)]
  0x000002446f955300 JavaThread "Cache worker for checksums cache (D:\Projeck APK\.gradle\9.1.0\checksums)" [_thread_blocked, id=16352, stack(0x000000de44400000,0x000000de44500000)]
  0x000002446f952f90 JavaThread "Cache worker for file content cache (C:\Users\LENOVO\.gradle\caches\9.1.0\fileContent)" [_thread_blocked, id=8224, stack(0x000000de44500000,0x000000de44600000)]
  0x000002446f959ef0 JavaThread "Cache worker for cache directory md-supplier (C:\Users\LENOVO\.gradle\caches\9.1.0\md-supplier)" [_thread_blocked, id=17168, stack(0x000000de44600000,0x000000de44700000)]
  0x000002446f958fc0 JavaThread "Cache worker for cache directory md-rule (C:\Users\LENOVO\.gradle\caches\9.1.0\md-rule)" [_thread_blocked, id=18384, stack(0x000000de44700000,0x000000de44800000)]
  0x0000024469c309e0 JavaThread "Unconstrained build operations" [_thread_blocked, id=16820, stack(0x000000de44800000,0x000000de44900000)]
  0x0000024469c30ef0 JavaThread "Unconstrained build operations Thread 2" [_thread_blocked, id=11960, stack(0x000000de44900000,0x000000de44a00000)]
  0x0000024469c32330 JavaThread "Unconstrained build operations Thread 3" [_thread_blocked, id=16228, stack(0x000000de44a00000,0x000000de44b00000)]
  0x0000024469c31400 JavaThread "Unconstrained build operations Thread 4" [_thread_blocked, id=1436, stack(0x000000de44b00000,0x000000de44c00000)]
  0x0000024469c32840 JavaThread "Unconstrained build operations Thread 5" [_thread_blocked, id=11236, stack(0x000000de44c00000,0x000000de44d00000)]
  0x0000024469c32d50 JavaThread "Unconstrained build operations Thread 6" [_thread_blocked, id=5028, stack(0x000000de44d00000,0x000000de44e00000)]
  0x0000024469c33260 JavaThread "Unconstrained build operations Thread 7" [_thread_blocked, id=2012, stack(0x000000de44e00000,0x000000de44f00000)]
  0x0000024469c2fab0 JavaThread "Unconstrained build operations Thread 8" [_thread_blocked, id=4512, stack(0x000000de44f00000,0x000000de45000000)]
  0x0000024469c33770 JavaThread "Unconstrained build operations Thread 9" [_thread_blocked, id=2612, stack(0x000000de45000000,0x000000de45100000)]
  0x000002446f958ab0 JavaThread "Unconstrained build operations Thread 10" [_thread_blocked, id=2816, stack(0x000000de45100000,0x000000de45200000)]
  0x000002446f9585a0 JavaThread "Unconstrained build operations Thread 11" [_thread_blocked, id=16956, stack(0x000000de45200000,0x000000de45300000)]
  0x000002446f957670 JavaThread "Unconstrained build operations Thread 12" [_thread_blocked, id=7816, stack(0x000000de45300000,0x000000de45400000)]
  0x0000024472692fa0 JavaThread "Unconstrained build operations Thread 13" [_thread_blocked, id=9604, stack(0x000000de45400000,0x000000de45500000)]
  0x000002448b898e40 JavaThread "Unconstrained build operations Thread 14" [_thread_blocked, id=8632, stack(0x000000de45500000,0x000000de45600000)]
  0x000002448b8965c0 JavaThread "Unconstrained build operations Thread 15" [_thread_blocked, id=14864, stack(0x000000de45600000,0x000000de45700000)]
  0x000002448b896fe0 JavaThread "Memory manager" [_thread_blocked, id=17604, stack(0x000000de43f00000,0x000000de44000000)]
  0x000002448b89a280 JavaThread "build event listener" [_thread_blocked, id=8264, stack(0x000000de45800000,0x000000de45900000)]
  0x000002448c6fcb70 JavaThread "pool-3-thread-1" [_thread_blocked, id=17436, stack(0x000000de45a00000,0x000000de45b00000)]
  0x000002448c6fd080 JavaThread "build event listener" [_thread_blocked, id=14712, stack(0x000000de45b00000,0x000000de45c00000)]
  0x000002448c6fbc40 JavaThread "included builds" [_thread_blocked, id=3148, stack(0x000000de45c00000,0x000000de45d00000)]
  0x000002446f328450 JavaThread "Execution worker" [_thread_blocked, id=11892, stack(0x000000de45d00000,0x000000de45e00000)]
  0x000002446f327a30 JavaThread "Execution worker Thread 2" [_thread_blocked, id=5388, stack(0x000000de45e00000,0x000000de45f00000)]
  0x00000244696848c0 JavaThread "Execution worker Thread 3" [_thread_blocked, id=7556, stack(0x000000de45f00000,0x000000de46000000)]
  0x0000024469682f70 JavaThread "Execution worker Thread 4" [_thread_blocked, id=12300, stack(0x000000de46000000,0x000000de46100000)]
  0x00000244696843b0 JavaThread "Execution worker Thread 5" [_thread_blocked, id=3768, stack(0x000000de46100000,0x000000de46200000)]
  0x0000024469683990 JavaThread "Cache worker for execution history cache (D:\Projeck APK\.gradle\9.1.0\executionHistory)" [_thread_blocked, id=15144, stack(0x000000de46200000,0x000000de46300000)]
  0x000002448bcb15d0 JavaThread "C2 CompilerThread1" daemon [_thread_in_native, id=16836, stack(0x000000de45900000,0x000000de45a00000)]
  0x000002448bcdacb0 JavaThread "Unconstrained build operations Thread 16" [_thread_blocked, id=4624, stack(0x000000de46300000,0x000000de46400000)]
  0x000002448bcd8e50 JavaThread "Unconstrained build operations Thread 17" [_thread_blocked, id=9180, stack(0x000000de46400000,0x000000de46500000)]
  0x000002448bcd9360 JavaThread "Unconstrained build operations Thread 18" [_thread_blocked, id=10380, stack(0x000000de46500000,0x000000de46600000)]
  0x000002448bcd9870 JavaThread "Unconstrained build operations Thread 19" [_thread_blocked, id=8332, stack(0x000000de46600000,0x000000de46700000)]
  0x000002448bcd9d80 JavaThread "Unconstrained build operations Thread 20" [_thread_blocked, id=3660, stack(0x000000de46700000,0x000000de46800000)]
  0x0000024469683480 JavaThread "Unconstrained build operations Thread 21" [_thread_blocked, id=10888, stack(0x000000de46a00000,0x000000de46b00000)]
  0x0000024469683ea0 JavaThread "WorkerExecutor Queue" [_thread_blocked, id=16668, stack(0x000000de46b00000,0x000000de46c00000)]
  0x000002448bcda290 JavaThread "Unconstrained build operations Thread 22" [_thread_blocked, id=7700, stack(0x000000de46c00000,0x000000de46d00000)]
  0x000002448bcdb1c0 JavaThread "Unconstrained build operations Thread 23" [_thread_blocked, id=16720, stack(0x000000de46d00000,0x000000de46e00000)]
  0x000002448bcda7a0 JavaThread "Unconstrained build operations Thread 24" [_thread_blocked, id=14228, stack(0x000000de46e00000,0x000000de46f00000)]
  0x000002448bcd7f20 JavaThread "Unconstrained build operations Thread 25" [_thread_blocked, id=15000, stack(0x000000de46f00000,0x000000de47000000)]
  0x000002446f327f40 JavaThread "Unconstrained build operations Thread 26" [_thread_blocked, id=15116, stack(0x000000de47000000,0x000000de47100000)]
  0x000002448bcdb6d0 JavaThread "WorkerExecutor Queue Thread 2" [_thread_blocked, id=17696, stack(0x000000de47100000,0x000000de47200000)]
  0x000002448c6fc150 JavaThread "WorkerExecutor Queue Thread 3" [_thread_blocked, id=11784, stack(0x000000de47200000,0x000000de47300000)]
  0x000002448c6fc660 JavaThread "Unconstrained build operations Thread 27" [_thread_blocked, id=14976, stack(0x000000de47300000,0x000000de47400000)]
  0x000002446f16fbc0 JavaThread "Unconstrained build operations Thread 28" [_thread_blocked, id=16592, stack(0x000000de47400000,0x000000de47500000)]
  0x000002446f1700d0 JavaThread "Unconstrained build operations Thread 29" [_thread_blocked, id=15892, stack(0x000000de47500000,0x000000de47600000)]
  0x000002446f1705e0 JavaThread "Unconstrained build operations Thread 30" [_thread_blocked, id=11244, stack(0x000000de47600000,0x000000de47700000)]
  0x000002446f16f6b0 JavaThread "Unconstrained build operations Thread 31" [_thread_blocked, id=14416, stack(0x000000de47700000,0x000000de47800000)]
  0x000002448b89b1b0 JavaThread "WorkerExecutor Queue Thread 4" [_thread_blocked, id=13844, stack(0x000000de47800000,0x000000de47900000)]
  0x000002448b897a00 JavaThread "WorkerExecutor Queue Thread 5" [_thread_blocked, id=17584, stack(0x000000de47900000,0x000000de47a00000)]
  0x000002446f170af0 JavaThread "Unconstrained build operations Thread 32" [_thread_blocked, id=14340, stack(0x000000de47a00000,0x000000de47b00000)]
  0x000002446f171000 JavaThread "Unconstrained build operations Thread 33" [_thread_blocked, id=4108, stack(0x000000de47b00000,0x000000de47c00000)]
  0x000002447bd60ee0 JavaThread "Unconstrained build operations Thread 34" [_thread_blocked, id=3664, stack(0x000000de47c00000,0x000000de47d00000)]
  0x000002447bd5faa0 JavaThread "Unconstrained build operations Thread 35" [_thread_blocked, id=17856, stack(0x000000de47d00000,0x000000de47e00000)]
  0x000002447bd604c0 JavaThread "Unconstrained build operations Thread 36" [_thread_blocked, id=13644, stack(0x000000de47e00000,0x000000de47f00000)]
  0x000002448c1ad690 JavaThread "Unconstrained build operations Thread 37" [_thread_blocked, id=13420, stack(0x000000de47f00000,0x000000de48000000)]
  0x000002448b89b6c0 JavaThread "Unconstrained build operations Thread 38" [_thread_blocked, id=17700, stack(0x000000de48000000,0x000000de48100000)]
  0x000002448b89bbd0 JavaThread "Unconstrained build operations Thread 39" [_thread_blocked, id=624, stack(0x000000de48100000,0x000000de48200000)]
  0x000002447bd613f0 JavaThread "Unconstrained build operations Thread 40" [_thread_blocked, id=9964, stack(0x000000de48200000,0x000000de48300000)]
  0x000002448c1ad180 JavaThread "Unconstrained build operations Thread 41" [_thread_blocked, id=2408, stack(0x000000de48300000,0x000000de48400000)]
  0x000002448b89c0e0 JavaThread "Unconstrained build operations Thread 42" [_thread_blocked, id=7344, stack(0x000000de48400000,0x000000de48500000)]
  0x000002448b89c5f0 JavaThread "Unconstrained build operations Thread 43" [_thread_blocked, id=17556, stack(0x000000de48500000,0x000000de48600000)]
  0x000002448b89cb00 JavaThread "Unconstrained build operations Thread 44" [_thread_blocked, id=3672, stack(0x000000de48600000,0x000000de48700000)]
  0x000002448c1aae10 JavaThread "Unconstrained build operations Thread 45" [_thread_blocked, id=13092, stack(0x000000de48800000,0x000000de48900000)]
  0x000002448b89d520 JavaThread "Unconstrained build operations Thread 46" [_thread_blocked, id=2964, stack(0x000000de48900000,0x000000de48a00000)]
  0x000002446f9594d0 JavaThread "Unconstrained build operations Thread 47" [_thread_blocked, id=17880, stack(0x000000de48a00000,0x000000de48b00000)]
  0x000002446f955d20 JavaThread "Unconstrained build operations Thread 48" [_thread_blocked, id=9660, stack(0x000000de48b00000,0x000000de48c00000)]
  0x0000024469c2f5a0 JavaThread "Unconstrained build operations Thread 49" [_thread_blocked, id=9028, stack(0x000000de48c00000,0x000000de48d00000)]
  0x000002448cb3b760 JavaThread "Unconstrained build operations Thread 50" [_thread_blocked, id=15928, stack(0x000000de48d00000,0x000000de48e00000)]
  0x000002448ba90580 JavaThread "Unconstrained build operations Thread 51" [_thread_blocked, id=6692, stack(0x000000de48e00000,0x000000de48f00000)]
  0x000002448ba914b0 JavaThread "Unconstrained build operations Thread 52" [_thread_blocked, id=3732, stack(0x000000de48f00000,0x000000de49000000)]
  0x000002448ba919c0 JavaThread "Unconstrained build operations Thread 53" [_thread_blocked, id=12584, stack(0x000000de49000000,0x000000de49100000)]
  0x000002448ba90fa0 JavaThread "Unconstrained build operations Thread 54" [_thread_blocked, id=10116, stack(0x000000de49100000,0x000000de49200000)]
  0x000002448b333460 JavaThread "Unconstrained build operations Thread 55" [_thread_blocked, id=18316, stack(0x000000de49200000,0x000000de49300000)]
  0x000002448b334390 JavaThread "Unconstrained build operations Thread 56" [_thread_blocked, id=2716, stack(0x000000de49300000,0x000000de49400000)]
  0x000002448b332a40 JavaThread "Unconstrained build operations Thread 57" [_thread_blocked, id=1704, stack(0x000000de49400000,0x000000de49500000)]
  0x000002447b22d690 JavaThread "Unconstrained build operations Thread 58" [_thread_blocked, id=9572, stack(0x000000de49500000,0x000000de49600000)]
  0x000002447b22c760 JavaThread "Unconstrained build operations Thread 59" [_thread_blocked, id=14248, stack(0x000000de49600000,0x000000de49700000)]
  0x000002447bd61900 JavaThread "Unconstrained build operations Thread 60" [_thread_blocked, id=3936, stack(0x000000de49700000,0x000000de49800000)]
  0x000002448ba90070 JavaThread "WorkerExecutor Queue Thread 8" [_thread_blocked, id=3308, stack(0x000000de49900000,0x000000de49a00000)]
  0x000002448c1ab830 JavaThread "ForkJoinPool-1-worker-1" daemon [_thread_blocked, id=3956, stack(0x000000de48700000,0x000000de48800000)]
  0x000002447bd5ffb0 JavaThread "ForkJoinPool-1-worker-2" daemon [_thread_blocked, id=16164, stack(0x000000de49800000,0x000000de49900000)]
  0x000002448c1ae0b0 JavaThread "ForkJoinPool-1-worker-3" daemon [_thread_blocked, id=18184, stack(0x000000de49a00000,0x000000de49b00000)]
  0x000002448ba90a90 JavaThread "ForkJoinPool-1-worker-4" daemon [_thread_blocked, id=1860, stack(0x000000de49b00000,0x000000de49c00000)]
  0x000002447b22e0b0 JavaThread "ForkJoinPool-1-worker-5" daemon [_thread_blocked, id=17760, stack(0x000000de49c00000,0x000000de49d00000)]
  0x0000024481503a20 JavaThread "ForkJoinPool-1-worker-6" daemon [_thread_blocked, id=7280, stack(0x000000de49d00000,0x000000de49e00000)]
  0x000002448b89d010 JavaThread "Periodic tasks thread" daemon [_thread_blocked, id=9880, stack(0x000000de49e00000,0x000000de49f00000)]
  0x000002447bd61e10 JavaThread "ApplicationImpl pooled thread 1" daemon [_thread_blocked, id=17260, stack(0x000000de49f00000,0x000000de4a000000)]
  0x000002447bd5f080 JavaThread "ForkJoinPool.commonPool-worker-1" daemon [_thread_blocked, id=7384, stack(0x000000de4a000000,0x000000de4a100000)]
  0x000002447b22ead0 JavaThread "ForkJoinPool.commonPool-worker-2" daemon [_thread_blocked, id=14252, stack(0x000000de4a100000,0x000000de4a200000)]
  0x0000024481ab84b0 JavaThread "Java2D Disposer" daemon [_thread_blocked, id=4772, stack(0x000000de4a200000,0x000000de4a300000)]
  0x000002446ee2bec0 JavaThread "AWT-Windows" daemon [_thread_in_native, id=10148, stack(0x000000de4a400000,0x000000de4a500000)]
  0x000002448c1adba0 JavaThread "ForkJoinPool.commonPool-worker-3" daemon [_thread_blocked, id=9224, stack(0x000000de4a500000,0x000000de4a600000)]
  0x000002448cc023d0 JavaThread "ForkJoinPool.commonPool-worker-4" daemon [_thread_blocked, id=18340, stack(0x000000de4a600000,0x000000de4a700000)]
  0x000002448c1acc70 JavaThread "ForkJoinPool.commonPool-worker-5" daemon [_thread_blocked, id=15316, stack(0x000000de4a700000,0x000000de4a800000)]

Other Threads:
  0x0000024469141b30 VMThread "VM Thread" [stack: 0x000000de41b00000,0x000000de41c00000] [id=7896]
  0x0000024469422b70 WatcherThread [stack: 0x000000de42700000,0x000000de42800000] [id=11812]
=>0x000002444653a440 GCTaskThread "GC Thread#0" [stack: 0x000000de41600000,0x000000de41700000] [id=16560]
  0x00000244695687b0 GCTaskThread "GC Thread#1" [stack: 0x000000de42900000,0x000000de42a00000] [id=17080]
  0x00000244696559c0 GCTaskThread "GC Thread#2" [stack: 0x000000de42a00000,0x000000de42b00000] [id=15420]
  0x0000024469926510 GCTaskThread "GC Thread#3" [stack: 0x000000de42b00000,0x000000de42c00000] [id=13612]
  0x000002446eb17ae0 GCTaskThread "GC Thread#4" [stack: 0x000000de42c00000,0x000000de42d00000] [id=7716]
  0x000002446e5bcf90 GCTaskThread "GC Thread#5" [stack: 0x000000de43700000,0x000000de43800000] [id=480]
  0x000002444654bf70 ConcurrentGCThread "G1 Main Marker" [stack: 0x000000de41700000,0x000000de41800000] [id=14652]
  0x000002444654c8a0 ConcurrentGCThread "G1 Conc#0" [stack: 0x000000de41800000,0x000000de41900000] [id=7908]
  0x00000244708fa7b0 ConcurrentGCThread "G1 Conc#1" [stack: 0x000000de43e00000,0x000000de43f00000] [id=14916]
  0x000002444657dcd0 ConcurrentGCThread "G1 Refine#0" [stack: 0x000000de41900000,0x000000de41a00000] [id=16828]
  0x000002446e328690 ConcurrentGCThread "G1 Refine#1" [stack: 0x000000de43800000,0x000000de43900000] [id=11988]
  0x000002446ed825c0 ConcurrentGCThread "G1 Refine#2" [stack: 0x000000de43900000,0x000000de43a00000] [id=6832]
  0x000002446f996010 ConcurrentGCThread "G1 Refine#3" [stack: 0x000000de43a00000,0x000000de43b00000] [id=13928]
  0x000002446e7f97c0 ConcurrentGCThread "G1 Refine#4" [stack: 0x000000de43b00000,0x000000de43c00000] [id=18036]
  0x0000024471732110 ConcurrentGCThread "G1 Refine#5" [stack: 0x000000de45700000,0x000000de45800000] [id=9936]
  0x000002444657e4b0 ConcurrentGCThread "G1 Service" [stack: 0x000000de41a00000,0x000000de41b00000] [id=3512]

Threads with active compile tasks:
C2 CompilerThread0  41319 24613       4       ksp.org.jetbrains.kotlin.parsing.KotlinExpressionParsing::parseAnnotatedLambda (81 bytes)
C1 CompilerThread0  41319 26428 % !   3       com.android.tools.r8.internal.x74::forEach @ 7 (123 bytes)
C2 CompilerThread1  41319 23769       4       com.android.tools.r8.dex.y::a (880 bytes)

VM state: at safepoint (normal execution)

VM Mutex/Monitor currently owned by a thread:  ([mutex/lock_event])
[0x00000244464c56b0] Threads_lock - owner thread: 0x0000024469141b30
[0x00000244464c4420] Heap_lock - owner thread: 0x000002448c1ae0b0

Heap address: 0x0000000700000000, size: 4096 MB, Compressed Oops mode: Zero based, Oop shift amount: 3

CDS archive(s) mapped at: [0x0000024400000000-0x0000024400bb0000-0x0000024400bb0000), size 12255232, SharedBaseAddress: 0x0000024400000000, ArchiveRelocationMode: 1.
Compressed class space mapped at: 0x0000024401000000-0x0000024441000000, reserved size: 1073741824
Narrow klass base: 0x0000024400000000, Narrow klass shift: 0, Narrow klass range: 0x100000000

GC Precious Log:
 CPUs: 6 total, 6 available
 Memory: 10102M
 Large Page Support: Disabled
 NUMA Support: Disabled
 Compressed Oops: Enabled (Zero based)
 Heap Region Size: 2M
 Heap Min Capacity: 8M
 Heap Initial Capacity: 158M
 Heap Max Capacity: 4G
 Pre-touch: Disabled
 Parallel Workers: 6
 Concurrent Workers: 2
 Concurrent Refinement Workers: 6
 Periodic GC: Disabled

Heap:
 garbage-first heap   total 1298432K, used 884736K [0x0000000700000000, 0x0000000800000000)
  region size 2048K, 170 young (348160K), 23 survivors (47104K)
 Metaspace       used 215361K, committed 216576K, reserved 1245184K
  class space    used 27338K, committed 27904K, reserved 1048576K

Heap Regions: E=young(eden), S=young(survivor), O=old, HS=humongous(starts), HC=humongous(continues), CS=collection set, F=free, OA=open archive, CA=closed archive, TAMS=top-at-mark-start (previous, next)
|   0|0x0000000700000000, 0x0000000700200000, 0x0000000700200000|100%|HS|  |TAMS 0x0000000700200000, 0x0000000700000000| Complete 
|   1|0x0000000700200000, 0x0000000700400000, 0x0000000700400000|100%|HC|  |TAMS 0x0000000700400000, 0x0000000700200000| Complete 
|   2|0x0000000700400000, 0x0000000700600000, 0x0000000700600000|100%| O|  |TAMS 0x0000000700600000, 0x0000000700400000| Untracked 
|   3|0x0000000700600000, 0x0000000700800000, 0x0000000700800000|100%| O|  |TAMS 0x0000000700800000, 0x0000000700600000| Untracked 
|   4|0x0000000700800000, 0x0000000700a00000, 0x0000000700a00000|100%| O|  |TAMS 0x0000000700a00000, 0x0000000700800000| Untracked 
|   5|0x0000000700a00000, 0x0000000700c00000, 0x0000000700c00000|100%| O|  |TAMS 0x0000000700c00000, 0x0000000700a00000| Untracked 
|   6|0x0000000700c00000, 0x0000000700e00000, 0x0000000700e00000|100%| O|  |TAMS 0x0000000700e00000, 0x0000000700c00000| Untracked 
|   7|0x0000000700e00000, 0x0000000701000000, 0x0000000701000000|100%| O|  |TAMS 0x0000000701000000, 0x0000000700e00000| Untracked 
|   8|0x0000000701000000, 0x0000000701200000, 0x0000000701200000|100%| O|  |TAMS 0x0000000701200000, 0x0000000701000000| Untracked 
|   9|0x0000000701200000, 0x0000000701400000, 0x0000000701400000|100%| O|  |TAMS 0x0000000701400000, 0x0000000701200000| Untracked 
|  10|0x0000000701400000, 0x0000000701600000, 0x0000000701600000|100%| O|  |TAMS 0x0000000701600000, 0x0000000701400000| Untracked 
|  11|0x0000000701600000, 0x0000000701800000, 0x0000000701800000|100%| O|  |TAMS 0x0000000701800000, 0x0000000701600000| Untracked 
|  12|0x0000000701800000, 0x0000000701a00000, 0x0000000701a00000|100%| O|  |TAMS 0x0000000701a00000, 0x0000000701800000| Untracked 
|  13|0x0000000701a00000, 0x0000000701c00000, 0x0000000701c00000|100%| O|  |TAMS 0x0000000701c00000, 0x0000000701a00000| Untracked 
|  14|0x0000000701c00000, 0x0000000701e00000, 0x0000000701e00000|100%| O|  |TAMS 0x0000000701e00000, 0x0000000701c00000| Untracked 
|  15|0x0000000701e00000, 0x0000000702000000, 0x0000000702000000|100%| O|  |TAMS 0x0000000702000000, 0x0000000701e00000| Untracked 
|  16|0x0000000702000000, 0x0000000702200000, 0x0000000702200000|100%|HS|  |TAMS 0x0000000702000000, 0x0000000702000000| Complete 
|  17|0x0000000702200000, 0x0000000702400000, 0x0000000702400000|100%| O|  |TAMS 0x0000000702400000, 0x0000000702200000| Untracked 
|  18|0x0000000702400000, 0x0000000702600000, 0x0000000702600000|100%| O|  |TAMS 0x0000000702600000, 0x0000000702400000| Untracked 
|  19|0x0000000702600000, 0x0000000702800000, 0x0000000702800000|100%| O|  |TAMS 0x0000000702800000, 0x0000000702600000| Untracked 
|  20|0x0000000702800000, 0x0000000702a00000, 0x0000000702a00000|100%| O|  |TAMS 0x0000000702a00000, 0x0000000702800000| Untracked 
|  21|0x0000000702a00000, 0x0000000702c00000, 0x0000000702c00000|100%| O|  |TAMS 0x0000000702c00000, 0x0000000702a00000| Untracked 
|  22|0x0000000702c00000, 0x0000000702e00000, 0x0000000702e00000|100%| O|  |TAMS 0x0000000702e00000, 0x0000000702c00000| Untracked 
|  23|0x0000000702e00000, 0x0000000703000000, 0x0000000703000000|100%| O|  |TAMS 0x0000000703000000, 0x0000000702e00000| Untracked 
|  24|0x0000000703000000, 0x0000000703200000, 0x0000000703200000|100%| O|  |TAMS 0x0000000703200000, 0x0000000703000000| Untracked 
|  25|0x0000000703200000, 0x0000000703400000, 0x0000000703400000|100%| O|  |TAMS 0x0000000703400000, 0x0000000703200000| Untracked 
|  26|0x0000000703400000, 0x0000000703600000, 0x0000000703600000|100%| O|  |TAMS 0x0000000703600000, 0x0000000703400000| Untracked 
|  27|0x0000000703600000, 0x0000000703800000, 0x0000000703800000|100%| O|  |TAMS 0x0000000703800000, 0x0000000703600000| Untracked 
|  28|0x0000000703800000, 0x0000000703a00000, 0x0000000703a00000|100%| O|  |TAMS 0x0000000703a00000, 0x0000000703800000| Untracked 
|  29|0x0000000703a00000, 0x0000000703c00000, 0x0000000703c00000|100%|HS|  |TAMS 0x0000000703a00000, 0x0000000703a00000| Complete 
|  30|0x0000000703c00000, 0x0000000703e00000, 0x0000000703e00000|100%| O|  |TAMS 0x0000000703e00000, 0x0000000703c00000| Untracked 
|  31|0x0000000703e00000, 0x0000000704000000, 0x0000000704000000|100%| O|  |TAMS 0x0000000704000000, 0x0000000703e00000| Untracked 
|  32|0x0000000704000000, 0x0000000704200000, 0x0000000704200000|100%| O|  |TAMS 0x0000000704000000, 0x0000000704000000| Untracked 
|  33|0x0000000704200000, 0x0000000704400000, 0x0000000704400000|100%|HS|  |TAMS 0x0000000704400000, 0x0000000704200000| Complete 
|  34|0x0000000704400000, 0x0000000704600000, 0x0000000704600000|100%| O|  |TAMS 0x0000000704600000, 0x0000000704400000| Untracked 
|  35|0x0000000704600000, 0x0000000704800000, 0x0000000704800000|100%| O|  |TAMS 0x0000000704800000, 0x0000000704600000| Untracked 
|  36|0x0000000704800000, 0x0000000704a00000, 0x0000000704a00000|100%| O|  |TAMS 0x0000000704a00000, 0x0000000704800000| Untracked 
|  37|0x0000000704a00000, 0x0000000704c00000, 0x0000000704c00000|100%| O|  |TAMS 0x0000000704c00000, 0x0000000704a00000| Untracked 
|  38|0x0000000704c00000, 0x0000000704e00000, 0x0000000704e00000|100%| O|  |TAMS 0x0000000704e00000, 0x0000000704c00000| Untracked 
|  39|0x0000000704e00000, 0x0000000705000000, 0x0000000705000000|100%|HS|  |TAMS 0x0000000705000000, 0x0000000704e00000| Complete 
|  40|0x0000000705000000, 0x0000000705200000, 0x0000000705200000|100%|HC|  |TAMS 0x0000000705200000, 0x0000000705000000| Complete 
|  41|0x0000000705200000, 0x0000000705400000, 0x0000000705400000|100%| O|  |TAMS 0x0000000705400000, 0x0000000705200000| Untracked 
|  42|0x0000000705400000, 0x0000000705600000, 0x0000000705600000|100%| O|  |TAMS 0x0000000705400000, 0x0000000705400000| Untracked 
|  43|0x0000000705600000, 0x0000000705800000, 0x0000000705800000|100%| O|  |TAMS 0x00000007056c8600, 0x0000000705600000| Untracked 
|  44|0x0000000705800000, 0x0000000705a00000, 0x0000000705a00000|100%| O|  |TAMS 0x0000000705a00000, 0x0000000705800000| Untracked 
|  45|0x0000000705a00000, 0x0000000705c00000, 0x0000000705c00000|100%| O|  |TAMS 0x0000000705c00000, 0x0000000705a00000| Untracked 
|  46|0x0000000705c00000, 0x0000000705e00000, 0x0000000705e00000|100%| O|  |TAMS 0x0000000705e00000, 0x0000000705c00000| Untracked 
|  47|0x0000000705e00000, 0x0000000706000000, 0x0000000706000000|100%| O|  |TAMS 0x0000000705e00000, 0x0000000705e00000| Untracked 
|  48|0x0000000706000000, 0x0000000706200000, 0x0000000706200000|100%|HS|  |TAMS 0x0000000706200000, 0x0000000706000000| Complete 
|  49|0x0000000706200000, 0x0000000706400000, 0x0000000706400000|100%| O|  |TAMS 0x0000000706400000, 0x0000000706200000| Untracked 
|  50|0x0000000706400000, 0x0000000706600000, 0x0000000706600000|100%| O|  |TAMS 0x0000000706600000, 0x0000000706400000| Untracked 
|  51|0x0000000706600000, 0x0000000706800000, 0x0000000706800000|100%| O|  |TAMS 0x0000000706600000, 0x0000000706600000| Untracked 
|  52|0x0000000706800000, 0x0000000706a00000, 0x0000000706a00000|100%| O|  |TAMS 0x0000000706800000, 0x0000000706800000| Untracked 
|  53|0x0000000706a00000, 0x0000000706c00000, 0x0000000706c00000|100%| O|  |TAMS 0x0000000706a00000, 0x0000000706a00000| Untracked 
|  54|0x0000000706c00000, 0x0000000706e00000, 0x0000000706e00000|100%| O|  |TAMS 0x0000000706c00000, 0x0000000706c00000| Untracked 
|  55|0x0000000706e00000, 0x0000000707000000, 0x0000000707000000|100%| O|  |TAMS 0x0000000706e00000, 0x0000000706e00000| Untracked 
|  56|0x0000000707000000, 0x0000000707200000, 0x0000000707200000|100%| O|  |TAMS 0x0000000707000000, 0x0000000707000000| Untracked 
|  57|0x0000000707200000, 0x0000000707400000, 0x0000000707400000|100%| O|  |TAMS 0x0000000707200000, 0x0000000707200000| Untracked 
|  58|0x0000000707400000, 0x0000000707600000, 0x0000000707600000|100%|HS|  |TAMS 0x0000000707600000, 0x0000000707400000| Complete 
|  59|0x0000000707600000, 0x0000000707800000, 0x0000000707800000|100%|HS|  |TAMS 0x0000000707800000, 0x0000000707600000| Complete 
|  60|0x0000000707800000, 0x0000000707a00000, 0x0000000707a00000|100%| O|  |TAMS 0x0000000707a00000, 0x0000000707800000| Untracked 
|  61|0x0000000707a00000, 0x0000000707c00000, 0x0000000707c00000|100%| O|  |TAMS 0x0000000707c00000, 0x0000000707a00000| Untracked 
|  62|0x0000000707c00000, 0x0000000707e00000, 0x0000000707e00000|100%| O|  |TAMS 0x0000000707c00000, 0x0000000707c00000| Untracked 
|  63|0x0000000707e00000, 0x0000000708000000, 0x0000000708000000|100%| O|  |TAMS 0x0000000708000000, 0x0000000707e00000| Untracked 
|  64|0x0000000708000000, 0x0000000708200000, 0x0000000708200000|100%| O|  |TAMS 0x0000000708200000, 0x0000000708000000| Untracked 
|  65|0x0000000708200000, 0x0000000708400000, 0x0000000708400000|100%| O|  |TAMS 0x0000000708200000, 0x0000000708200000| Untracked 
|  66|0x0000000708400000, 0x0000000708600000, 0x0000000708600000|100%| O|  |TAMS 0x0000000708400000, 0x0000000708400000| Untracked 
|  67|0x0000000708600000, 0x0000000708800000, 0x0000000708800000|100%|HS|  |TAMS 0x0000000708800000, 0x0000000708600000| Complete 
|  68|0x0000000708800000, 0x0000000708a00000, 0x0000000708a00000|100%| O|  |TAMS 0x0000000708800000, 0x0000000708800000| Untracked 
|  69|0x0000000708a00000, 0x0000000708c00000, 0x0000000708c00000|100%| O|  |TAMS 0x0000000708a00000, 0x0000000708a00000| Untracked 
|  70|0x0000000708c00000, 0x0000000708e00000, 0x0000000708e00000|100%| O|  |TAMS 0x0000000708c00000, 0x0000000708c00000| Untracked 
|  71|0x0000000708e00000, 0x0000000709000000, 0x0000000709000000|100%| O|  |TAMS 0x0000000709000000, 0x0000000708e00000| Untracked 
|  72|0x0000000709000000, 0x0000000709200000, 0x0000000709200000|100%| O|  |TAMS 0x0000000709000000, 0x0000000709000000| Untracked 
|  73|0x0000000709200000, 0x0000000709400000, 0x0000000709400000|100%| O|  |TAMS 0x0000000709200000, 0x0000000709200000| Untracked 
|  74|0x0000000709400000, 0x0000000709600000, 0x0000000709600000|100%| O|  |TAMS 0x0000000709400000, 0x0000000709400000| Untracked 
|  75|0x0000000709600000, 0x0000000709800000, 0x0000000709800000|100%|HS|  |TAMS 0x0000000709800000, 0x0000000709600000| Complete 
|  76|0x0000000709800000, 0x0000000709a00000, 0x0000000709a00000|100%|HC|  |TAMS 0x0000000709a00000, 0x0000000709800000| Complete 
|  77|0x0000000709a00000, 0x0000000709c00000, 0x0000000709c00000|100%| O|  |TAMS 0x0000000709a00000, 0x0000000709a00000| Untracked 
|  78|0x0000000709c00000, 0x0000000709e00000, 0x0000000709e00000|100%|HS|  |TAMS 0x0000000709e00000, 0x0000000709c00000| Complete 
|  79|0x0000000709e00000, 0x000000070a000000, 0x000000070a000000|100%| O|  |TAMS 0x0000000709e00000, 0x0000000709e00000| Untracked 
|  80|0x000000070a000000, 0x000000070a200000, 0x000000070a200000|100%| O|  |TAMS 0x000000070a000000, 0x000000070a000000| Untracked 
|  81|0x000000070a200000, 0x000000070a400000, 0x000000070a400000|100%| O|  |TAMS 0x000000070a400000, 0x000000070a200000| Untracked 
|  82|0x000000070a400000, 0x000000070a600000, 0x000000070a600000|100%| O|  |TAMS 0x000000070a600000, 0x000000070a400000| Untracked 
|  83|0x000000070a600000, 0x000000070a800000, 0x000000070a800000|100%| O|  |TAMS 0x000000070a800000, 0x000000070a600000| Untracked 
|  84|0x000000070a800000, 0x000000070aa00000, 0x000000070aa00000|100%| O|  |TAMS 0x000000070aa00000, 0x000000070a800000| Untracked 
|  85|0x000000070aa00000, 0x000000070ac00000, 0x000000070ac00000|100%| O|  |TAMS 0x000000070ac00000, 0x000000070aa00000| Untracked 
|  86|0x000000070ac00000, 0x000000070ae00000, 0x000000070ae00000|100%| O|  |TAMS 0x000000070ae00000, 0x000000070ac00000| Untracked 
|  87|0x000000070ae00000, 0x000000070b000000, 0x000000070b000000|100%| O|  |TAMS 0x000000070b000000, 0x000000070ae00000| Untracked 
|  88|0x000000070b000000, 0x000000070b200000, 0x000000070b200000|100%| O|  |TAMS 0x000000070b200000, 0x000000070b000000| Untracked 
|  89|0x000000070b200000, 0x000000070b400000, 0x000000070b400000|100%| O|  |TAMS 0x000000070b400000, 0x000000070b200000| Untracked 
|  90|0x000000070b400000, 0x000000070b600000, 0x000000070b600000|100%| O|  |TAMS 0x000000070b600000, 0x000000070b400000| Untracked 
|  91|0x000000070b600000, 0x000000070b800000, 0x000000070b800000|100%| O|  |TAMS 0x000000070b800000, 0x000000070b600000| Untracked 
|  92|0x000000070b800000, 0x000000070ba00000, 0x000000070ba00000|100%| O|  |TAMS 0x000000070ba00000, 0x000000070b800000| Untracked 
|  93|0x000000070ba00000, 0x000000070bc00000, 0x000000070bc00000|100%| O|  |TAMS 0x000000070ba00000, 0x000000070ba00000| Untracked 
|  94|0x000000070bc00000, 0x000000070be00000, 0x000000070be00000|100%| O|  |TAMS 0x000000070bc00000, 0x000000070bc00000| Untracked 
|  95|0x000000070be00000, 0x000000070c000000, 0x000000070c000000|100%| O|  |TAMS 0x000000070be00000, 0x000000070be00000| Untracked 
|  96|0x000000070c000000, 0x000000070c200000, 0x000000070c200000|100%| O|  |TAMS 0x000000070c000000, 0x000000070c000000| Untracked 
|  97|0x000000070c200000, 0x000000070c400000, 0x000000070c400000|100%|HS|  |TAMS 0x000000070c400000, 0x000000070c200000| Complete 
|  98|0x000000070c400000, 0x000000070c600000, 0x000000070c600000|100%| O|  |TAMS 0x000000070c400000, 0x000000070c400000| Untracked 
|  99|0x000000070c600000, 0x000000070c800000, 0x000000070c800000|100%| O|  |TAMS 0x000000070c600000, 0x000000070c600000| Untracked 
| 100|0x000000070c800000, 0x000000070ca00000, 0x000000070ca00000|100%| O|  |TAMS 0x000000070c800000, 0x000000070c800000| Untracked 
| 101|0x000000070ca00000, 0x000000070cc00000, 0x000000070cc00000|100%| O|  |TAMS 0x000000070ca00000, 0x000000070ca00000| Untracked 
| 102|0x000000070cc00000, 0x000000070ce00000, 0x000000070ce00000|100%| O|  |TAMS 0x000000070cc00000, 0x000000070cc00000| Untracked 
| 103|0x000000070ce00000, 0x000000070d000000, 0x000000070d000000|100%| O|  |TAMS 0x000000070ce00000, 0x000000070ce00000| Untracked 
| 104|0x000000070d000000, 0x000000070d200000, 0x000000070d200000|100%| O|  |TAMS 0x000000070d000000, 0x000000070d000000| Untracked 
| 105|0x000000070d200000, 0x000000070d400000, 0x000000070d400000|100%| O|  |TAMS 0x000000070d200000, 0x000000070d200000| Untracked 
| 106|0x000000070d400000, 0x000000070d600000, 0x000000070d600000|100%| O|  |TAMS 0x000000070d400000, 0x000000070d400000| Untracked 
| 107|0x000000070d600000, 0x000000070d800000, 0x000000070d800000|100%| O|  |TAMS 0x000000070d600000, 0x000000070d600000| Untracked 
| 108|0x000000070d800000, 0x000000070da00000, 0x000000070da00000|100%| O|  |TAMS 0x000000070da00000, 0x000000070d800000| Untracked 
| 109|0x000000070da00000, 0x000000070dc00000, 0x000000070dc00000|100%| O|  |TAMS 0x000000070da00000, 0x000000070da00000| Untracked 
| 110|0x000000070dc00000, 0x000000070de00000, 0x000000070de00000|100%|HS|  |TAMS 0x000000070de00000, 0x000000070dc00000| Complete 
| 111|0x000000070de00000, 0x000000070e000000, 0x000000070e000000|100%| O|  |TAMS 0x000000070de00000, 0x000000070de00000| Untracked 
| 112|0x000000070e000000, 0x000000070e200000, 0x000000070e200000|100%| O|  |TAMS 0x000000070e000000, 0x000000070e000000| Untracked 
| 113|0x000000070e200000, 0x000000070e400000, 0x000000070e400000|100%| O|  |TAMS 0x000000070e200000, 0x000000070e200000| Untracked 
| 114|0x000000070e400000, 0x000000070e600000, 0x000000070e600000|100%| O|  |TAMS 0x000000070e400000, 0x000000070e400000| Untracked 
| 115|0x000000070e600000, 0x000000070e800000, 0x000000070e800000|100%| O|  |TAMS 0x000000070e600000, 0x000000070e600000| Untracked 
| 116|0x000000070e800000, 0x000000070ea00000, 0x000000070ea00000|100%| O|  |TAMS 0x000000070ea00000, 0x000000070e800000| Untracked 
| 117|0x000000070ea00000, 0x000000070ec00000, 0x000000070ec00000|100%| O|  |TAMS 0x000000070ea00000, 0x000000070ea00000| Untracked 
| 118|0x000000070ec00000, 0x000000070ee00000, 0x000000070ee00000|100%| O|  |TAMS 0x000000070ec00000, 0x000000070ec00000| Untracked 
| 119|0x000000070ee00000, 0x000000070f000000, 0x000000070f000000|100%| O|  |TAMS 0x000000070ee00000, 0x000000070ee00000| Untracked 
| 120|0x000000070f000000, 0x000000070f200000, 0x000000070f200000|100%| O|  |TAMS 0x000000070f000000, 0x000000070f000000| Untracked 
| 121|0x000000070f200000, 0x000000070f400000, 0x000000070f400000|100%| O|  |TAMS 0x000000070f200000, 0x000000070f200000| Untracked 
| 122|0x000000070f400000, 0x000000070f600000, 0x000000070f600000|100%| O|  |TAMS 0x000000070f400000, 0x000000070f400000| Untracked 
| 123|0x000000070f600000, 0x000000070f800000, 0x000000070f800000|100%| O|  |TAMS 0x000000070f800000, 0x000000070f600000| Untracked 
| 124|0x000000070f800000, 0x000000070fa00000, 0x000000070fa00000|100%| O|  |TAMS 0x000000070f800000, 0x000000070f800000| Untracked 
| 125|0x000000070fa00000, 0x000000070fc00000, 0x000000070fc00000|100%| O|  |TAMS 0x000000070fa00000, 0x000000070fa00000| Untracked 
| 126|0x000000070fc00000, 0x000000070fe00000, 0x000000070fe00000|100%| O|  |TAMS 0x000000070fc00000, 0x000000070fc00000| Untracked 
| 127|0x000000070fe00000, 0x0000000710000000, 0x0000000710000000|100%| O|  |TAMS 0x000000070fe00000, 0x000000070fe00000| Untracked 
| 128|0x0000000710000000, 0x0000000710200000, 0x0000000710200000|100%| O|  |TAMS 0x0000000710000000, 0x0000000710000000| Untracked 
| 129|0x0000000710200000, 0x0000000710400000, 0x0000000710400000|100%| O|  |TAMS 0x0000000710200000, 0x0000000710200000| Untracked 
| 130|0x0000000710400000, 0x0000000710600000, 0x0000000710600000|100%| O|  |TAMS 0x0000000710400000, 0x0000000710400000| Untracked 
| 131|0x0000000710600000, 0x0000000710800000, 0x0000000710800000|100%| O|  |TAMS 0x0000000710600000, 0x0000000710600000| Untracked 
| 132|0x0000000710800000, 0x0000000710a00000, 0x0000000710a00000|100%| O|  |TAMS 0x0000000710800000, 0x0000000710800000| Untracked 
| 133|0x0000000710a00000, 0x0000000710c00000, 0x0000000710c00000|100%|HS|  |TAMS 0x0000000710c00000, 0x0000000710a00000| Complete 
| 134|0x0000000710c00000, 0x0000000710e00000, 0x0000000710e00000|100%|HC|  |TAMS 0x0000000710e00000, 0x0000000710c00000| Complete 
| 135|0x0000000710e00000, 0x0000000711000000, 0x0000000711000000|100%| O|  |TAMS 0x0000000711000000, 0x0000000710e00000| Untracked 
| 136|0x0000000711000000, 0x0000000711200000, 0x0000000711200000|100%|HS|  |TAMS 0x0000000711200000, 0x0000000711000000| Complete 
| 137|0x0000000711200000, 0x0000000711400000, 0x0000000711400000|100%|HC|  |TAMS 0x0000000711400000, 0x0000000711200000| Complete 
| 138|0x0000000711400000, 0x0000000711600000, 0x0000000711600000|100%| O|  |TAMS 0x0000000711600000, 0x0000000711400000| Untracked 
| 139|0x0000000711600000, 0x0000000711800000, 0x0000000711800000|100%| O|  |TAMS 0x0000000711800000, 0x0000000711600000| Untracked 
| 140|0x0000000711800000, 0x0000000711a00000, 0x0000000711a00000|100%| O|  |TAMS 0x0000000711a00000, 0x0000000711800000| Untracked 
| 141|0x0000000711a00000, 0x0000000711c00000, 0x0000000711c00000|100%| O|  |TAMS 0x0000000711c00000, 0x0000000711a00000| Untracked 
| 142|0x0000000711c00000, 0x0000000711e00000, 0x0000000711e00000|100%| O|  |TAMS 0x0000000711e00000, 0x0000000711c00000| Untracked 
| 143|0x0000000711e00000, 0x0000000712000000, 0x0000000712000000|100%| O|  |TAMS 0x0000000712000000, 0x0000000711e00000| Untracked 
| 144|0x0000000712000000, 0x0000000712200000, 0x0000000712200000|100%| O|  |TAMS 0x0000000712200000, 0x0000000712000000| Untracked 
| 145|0x0000000712200000, 0x0000000712400000, 0x0000000712400000|100%| O|  |TAMS 0x0000000712400000, 0x0000000712200000| Untracked 
| 146|0x0000000712400000, 0x0000000712600000, 0x0000000712600000|100%| O|  |TAMS 0x0000000712400000, 0x0000000712400000| Untracked 
| 147|0x0000000712600000, 0x0000000712800000, 0x0000000712800000|100%|HS|  |TAMS 0x0000000712800000, 0x0000000712600000| Complete 
| 148|0x0000000712800000, 0x0000000712a00000, 0x0000000712a00000|100%|HC|  |TAMS 0x0000000712a00000, 0x0000000712800000| Complete 
| 149|0x0000000712a00000, 0x0000000712c00000, 0x0000000712c00000|100%|HS|  |TAMS 0x0000000712c00000, 0x0000000712a00000| Complete 
| 150|0x0000000712c00000, 0x0000000712e00000, 0x0000000712e00000|100%|HC|  |TAMS 0x0000000712e00000, 0x0000000712c00000| Complete 
| 151|0x0000000712e00000, 0x0000000713000000, 0x0000000713000000|100%|HC|  |TAMS 0x0000000713000000, 0x0000000712e00000| Complete 
| 152|0x0000000713000000, 0x0000000713200000, 0x0000000713200000|100%|HC|  |TAMS 0x0000000713200000, 0x0000000713000000| Complete 
| 153|0x0000000713200000, 0x0000000713400000, 0x0000000713400000|100%|HC|  |TAMS 0x0000000713400000, 0x0000000713200000| Complete 
| 154|0x0000000713400000, 0x0000000713600000, 0x0000000713600000|100%|HC|  |TAMS 0x0000000713600000, 0x0000000713400000| Complete 
| 155|0x0000000713600000, 0x0000000713800000, 0x0000000713800000|100%|HC|  |TAMS 0x0000000713800000, 0x0000000713600000| Complete 
| 156|0x0000000713800000, 0x0000000713a00000, 0x0000000713a00000|100%|HC|  |TAMS 0x0000000713a00000, 0x0000000713800000| Complete 
| 157|0x0000000713a00000, 0x0000000713c00000, 0x0000000713c00000|100%|HC|  |TAMS 0x0000000713c00000, 0x0000000713a00000| Complete 
| 158|0x0000000713c00000, 0x0000000713e00000, 0x0000000713e00000|100%|HC|  |TAMS 0x0000000713e00000, 0x0000000713c00000| Complete 
| 159|0x0000000713e00000, 0x0000000714000000, 0x0000000714000000|100%|HC|  |TAMS 0x0000000714000000, 0x0000000713e00000| Complete 
| 160|0x0000000714000000, 0x0000000714200000, 0x0000000714200000|100%|HC|  |TAMS 0x0000000714200000, 0x0000000714000000| Complete 
| 161|0x0000000714200000, 0x0000000714400000, 0x0000000714400000|100%|HC|  |TAMS 0x0000000714400000, 0x0000000714200000| Complete 
| 162|0x0000000714400000, 0x0000000714600000, 0x0000000714600000|100%|HC|  |TAMS 0x0000000714600000, 0x0000000714400000| Complete 
| 163|0x0000000714600000, 0x0000000714800000, 0x0000000714800000|100%|HC|  |TAMS 0x0000000714800000, 0x0000000714600000| Complete 
| 164|0x0000000714800000, 0x0000000714a00000, 0x0000000714a00000|100%|HS|  |TAMS 0x0000000714a00000, 0x0000000714800000| Complete 
| 165|0x0000000714a00000, 0x0000000714c00000, 0x0000000714c00000|100%|HC|  |TAMS 0x0000000714c00000, 0x0000000714a00000| Complete 
| 166|0x0000000714c00000, 0x0000000714e00000, 0x0000000714e00000|100%|HS|  |TAMS 0x0000000714e00000, 0x0000000714c00000| Complete 
| 167|0x0000000714e00000, 0x0000000715000000, 0x0000000715000000|100%|HS|  |TAMS 0x0000000715000000, 0x0000000714e00000| Complete 
| 168|0x0000000715000000, 0x0000000715200000, 0x0000000715200000|100%|HC|  |TAMS 0x0000000715200000, 0x0000000715000000| Complete 
| 169|0x0000000715200000, 0x0000000715400000, 0x0000000715400000|100%| O|  |TAMS 0x0000000715200000, 0x0000000715200000| Untracked 
| 170|0x0000000715400000, 0x0000000715600000, 0x0000000715600000|100%| O|  |TAMS 0x0000000715600000, 0x0000000715400000| Untracked 
| 171|0x0000000715600000, 0x0000000715800000, 0x0000000715800000|100%|HS|  |TAMS 0x0000000715800000, 0x0000000715600000| Complete 
| 172|0x0000000715800000, 0x0000000715a00000, 0x0000000715a00000|100%|HS|  |TAMS 0x0000000715a00000, 0x0000000715800000| Complete 
| 173|0x0000000715a00000, 0x0000000715c00000, 0x0000000715c00000|100%|HS|  |TAMS 0x0000000715c00000, 0x0000000715a00000| Complete 
| 174|0x0000000715c00000, 0x0000000715e00000, 0x0000000715e00000|100%|HS|  |TAMS 0x0000000715e00000, 0x0000000715c00000| Complete 
| 175|0x0000000715e00000, 0x0000000716000000, 0x0000000716000000|100%|HS|  |TAMS 0x0000000716000000, 0x0000000715e00000| Complete 
| 176|0x0000000716000000, 0x0000000716200000, 0x0000000716200000|100%|HC|  |TAMS 0x0000000716200000, 0x0000000716000000| Complete 
| 177|0x0000000716200000, 0x0000000716400000, 0x0000000716400000|100%| O|  |TAMS 0x0000000716400000, 0x0000000716200000| Untracked 
| 178|0x0000000716400000, 0x0000000716600000, 0x0000000716600000|100%| O|  |TAMS 0x0000000716600000, 0x0000000716400000| Untracked 
| 179|0x0000000716600000, 0x0000000716800000, 0x0000000716800000|100%| O|  |TAMS 0x0000000716800000, 0x0000000716600000| Untracked 
| 180|0x0000000716800000, 0x0000000716a00000, 0x0000000716a00000|100%| O|  |TAMS 0x0000000716a00000, 0x0000000716800000| Untracked 
| 181|0x0000000716a00000, 0x0000000716c00000, 0x0000000716c00000|100%| O|  |TAMS 0x0000000716c00000, 0x0000000716a00000| Untracked 
| 182|0x0000000716c00000, 0x0000000716e00000, 0x0000000716e00000|100%| O|  |TAMS 0x0000000716e00000, 0x0000000716c00000| Untracked 
| 183|0x0000000716e00000, 0x0000000717000000, 0x0000000717000000|100%| O|  |TAMS 0x0000000717000000, 0x0000000716e00000| Untracked 
| 184|0x0000000717000000, 0x0000000717200000, 0x0000000717200000|100%| O|  |TAMS 0x0000000717200000, 0x0000000717000000| Untracked 
| 185|0x0000000717200000, 0x0000000717400000, 0x0000000717400000|100%| O|  |TAMS 0x0000000717400000, 0x0000000717200000| Untracked 
| 186|0x0000000717400000, 0x0000000717600000, 0x0000000717600000|100%| O|  |TAMS 0x0000000717600000, 0x0000000717400000| Untracked 
| 187|0x0000000717600000, 0x0000000717800000, 0x0000000717800000|100%| O|  |TAMS 0x0000000717800000, 0x0000000717600000| Untracked 
| 188|0x0000000717800000, 0x0000000717a00000, 0x0000000717a00000|100%| O|  |TAMS 0x0000000717800000, 0x0000000717800000| Untracked 
| 189|0x0000000717a00000, 0x0000000717c00000, 0x0000000717c00000|100%| O|  |TAMS 0x0000000717a00000, 0x0000000717a00000| Untracked 
| 190|0x0000000717c00000, 0x0000000717e00000, 0x0000000717e00000|100%|HS|  |TAMS 0x0000000717e00000, 0x0000000717c00000| Complete 
| 191|0x0000000717e00000, 0x0000000718000000, 0x0000000718000000|100%|HC|  |TAMS 0x0000000718000000, 0x0000000717e00000| Complete 
| 192|0x0000000718000000, 0x0000000718200000, 0x0000000718200000|100%| O|  |TAMS 0x0000000718000000, 0x0000000718000000| Untracked 
| 193|0x0000000718200000, 0x0000000718400000, 0x0000000718400000|100%| O|  |TAMS 0x0000000718200000, 0x0000000718200000| Untracked 
| 194|0x0000000718400000, 0x0000000718600000, 0x0000000718600000|100%| O|  |TAMS 0x0000000718400000, 0x0000000718400000| Untracked 
| 195|0x0000000718600000, 0x0000000718800000, 0x0000000718800000|100%| O|  |TAMS 0x0000000718600000, 0x0000000718600000| Untracked 
| 196|0x0000000718800000, 0x0000000718a00000, 0x0000000718a00000|100%| O|  |TAMS 0x0000000718800000, 0x0000000718800000| Untracked 
| 197|0x0000000718a00000, 0x0000000718c00000, 0x0000000718c00000|100%| O|  |TAMS 0x0000000718a00000, 0x0000000718a00000| Untracked 
| 198|0x0000000718c00000, 0x0000000718e00000, 0x0000000718e00000|100%| O|  |TAMS 0x0000000718c00000, 0x0000000718c00000| Untracked 
| 199|0x0000000718e00000, 0x0000000719000000, 0x0000000719000000|100%| O|  |TAMS 0x0000000718e00000, 0x0000000718e00000| Untracked 
| 200|0x0000000719000000, 0x0000000719200000, 0x0000000719200000|100%| O|  |TAMS 0x0000000719000000, 0x0000000719000000| Untracked 
| 201|0x0000000719200000, 0x0000000719400000, 0x0000000719400000|100%|HS|  |TAMS 0x0000000719400000, 0x0000000719200000| Complete 
| 202|0x0000000719400000, 0x0000000719600000, 0x0000000719600000|100%|HC|  |TAMS 0x0000000719600000, 0x0000000719400000| Complete 
| 203|0x0000000719600000, 0x0000000719800000, 0x0000000719800000|100%|HC|  |TAMS 0x0000000719800000, 0x0000000719600000| Complete 
| 204|0x0000000719800000, 0x0000000719a00000, 0x0000000719a00000|100%|HC|  |TAMS 0x0000000719a00000, 0x0000000719800000| Complete 
| 205|0x0000000719a00000, 0x0000000719c00000, 0x0000000719c00000|100%|HC|  |TAMS 0x0000000719c00000, 0x0000000719a00000| Complete 
| 206|0x0000000719c00000, 0x0000000719e00000, 0x0000000719e00000|100%|HC|  |TAMS 0x0000000719e00000, 0x0000000719c00000| Complete 
| 207|0x0000000719e00000, 0x000000071a000000, 0x000000071a000000|100%|HC|  |TAMS 0x000000071a000000, 0x0000000719e00000| Complete 
| 208|0x000000071a000000, 0x000000071a200000, 0x000000071a200000|100%|HC|  |TAMS 0x000000071a200000, 0x000000071a000000| Complete 
| 209|0x000000071a200000, 0x000000071a400000, 0x000000071a400000|100%|HC|  |TAMS 0x000000071a400000, 0x000000071a200000| Complete 
| 210|0x000000071a400000, 0x000000071a600000, 0x000000071a600000|100%|HC|  |TAMS 0x000000071a600000, 0x000000071a400000| Complete 
| 211|0x000000071a600000, 0x000000071a800000, 0x000000071a800000|100%|HC|  |TAMS 0x000000071a800000, 0x000000071a600000| Complete 
| 212|0x000000071a800000, 0x000000071aa00000, 0x000000071aa00000|100%|HC|  |TAMS 0x000000071aa00000, 0x000000071a800000| Complete 
| 213|0x000000071aa00000, 0x000000071ac00000, 0x000000071ac00000|100%|HC|  |TAMS 0x000000071ac00000, 0x000000071aa00000| Complete 
| 214|0x000000071ac00000, 0x000000071ae00000, 0x000000071ae00000|100%|HC|  |TAMS 0x000000071ae00000, 0x000000071ac00000| Complete 
| 215|0x000000071ae00000, 0x000000071b000000, 0x000000071b000000|100%|HC|  |TAMS 0x000000071b000000, 0x000000071ae00000| Complete 
| 216|0x000000071b000000, 0x000000071b200000, 0x000000071b200000|100%| O|  |TAMS 0x000000071b200000, 0x000000071b000000| Untracked 
| 217|0x000000071b200000, 0x000000071b400000, 0x000000071b400000|100%| O|  |TAMS 0x000000071b400000, 0x000000071b200000| Untracked 
| 218|0x000000071b400000, 0x000000071b600000, 0x000000071b600000|100%| O|  |TAMS 0x000000071b600000, 0x000000071b400000| Untracked 
| 219|0x000000071b600000, 0x000000071b800000, 0x000000071b800000|100%| O|  |TAMS 0x000000071b800000, 0x000000071b600000| Untracked 
| 220|0x000000071b800000, 0x000000071ba00000, 0x000000071ba00000|100%| O|  |TAMS 0x000000071ba00000, 0x000000071b800000| Untracked 
| 221|0x000000071ba00000, 0x000000071bc00000, 0x000000071bc00000|100%| O|  |TAMS 0x000000071bc00000, 0x000000071ba00000| Untracked 
| 222|0x000000071bc00000, 0x000000071be00000, 0x000000071be00000|100%| O|  |TAMS 0x000000071be00000, 0x000000071bc00000| Untracked 
| 223|0x000000071be00000, 0x000000071c000000, 0x000000071c000000|100%| O|  |TAMS 0x000000071c000000, 0x000000071be00000| Untracked 
| 224|0x000000071c000000, 0x000000071c200000, 0x000000071c200000|100%| O|  |TAMS 0x000000071c000000, 0x000000071c000000| Untracked 
| 225|0x000000071c200000, 0x000000071c400000, 0x000000071c400000|100%| O|  |TAMS 0x000000071c200000, 0x000000071c200000| Untracked 
| 226|0x000000071c400000, 0x000000071c600000, 0x000000071c600000|100%| O|  |TAMS 0x000000071c400000, 0x000000071c400000| Untracked 
| 227|0x000000071c600000, 0x000000071c800000, 0x000000071c800000|100%| O|  |TAMS 0x000000071c600000, 0x000000071c600000| Untracked 
| 228|0x000000071c800000, 0x000000071ca00000, 0x000000071ca00000|100%| O|  |TAMS 0x000000071c800000, 0x000000071c800000| Untracked 
| 229|0x000000071ca00000, 0x000000071cc00000, 0x000000071cc00000|100%| O|  |TAMS 0x000000071ca00000, 0x000000071ca00000| Untracked 
| 230|0x000000071cc00000, 0x000000071ce00000, 0x000000071ce00000|100%| O|  |TAMS 0x000000071cc00000, 0x000000071cc00000| Untracked 
| 231|0x000000071ce00000, 0x000000071d000000, 0x000000071d000000|100%| O|  |TAMS 0x000000071ce00000, 0x000000071ce00000| Untracked 
| 232|0x000000071d000000, 0x000000071d200000, 0x000000071d200000|100%| O|  |TAMS 0x000000071d000000, 0x000000071d000000| Untracked 
| 233|0x000000071d200000, 0x000000071d400000, 0x000000071d400000|100%| O|  |TAMS 0x000000071d200000, 0x000000071d200000| Untracked 
| 234|0x000000071d400000, 0x000000071d600000, 0x000000071d600000|100%| O|  |TAMS 0x000000071d400000, 0x000000071d400000| Untracked 
| 235|0x000000071d600000, 0x000000071d800000, 0x000000071d800000|100%| O|  |TAMS 0x000000071d600000, 0x000000071d600000| Untracked 
| 236|0x000000071d800000, 0x000000071da00000, 0x000000071da00000|100%| O|  |TAMS 0x000000071d800000, 0x000000071d800000| Untracked 
| 237|0x000000071da00000, 0x000000071dc00000, 0x000000071dc00000|100%| O|  |TAMS 0x000000071da00000, 0x000000071da00000| Untracked 
| 238|0x000000071dc00000, 0x000000071de00000, 0x000000071de00000|100%| O|  |TAMS 0x000000071dc00000, 0x000000071dc00000| Untracked 
| 239|0x000000071de00000, 0x000000071e000000, 0x000000071e000000|100%| O|  |TAMS 0x000000071de00000, 0x000000071de00000| Untracked 
| 240|0x000000071e000000, 0x000000071e200000, 0x000000071e200000|100%| O|  |TAMS 0x000000071e000000, 0x000000071e000000| Untracked 
| 241|0x000000071e200000, 0x000000071e400000, 0x000000071e400000|100%| O|  |TAMS 0x000000071e200000, 0x000000071e200000| Untracked 
| 242|0x000000071e400000, 0x000000071e600000, 0x000000071e600000|100%| O|  |TAMS 0x000000071e400000, 0x000000071e400000| Untracked 
| 243|0x000000071e600000, 0x000000071e800000, 0x000000071e800000|100%| O|  |TAMS 0x000000071e600000, 0x000000071e600000| Untracked 
| 244|0x000000071e800000, 0x000000071ea00000, 0x000000071ea00000|100%| O|  |TAMS 0x000000071e800000, 0x000000071e800000| Untracked 
| 245|0x000000071ea00000, 0x000000071ec00000, 0x000000071ec00000|100%| O|  |TAMS 0x000000071ea00000, 0x000000071ea00000| Untracked 
| 246|0x000000071ec00000, 0x000000071ee00000, 0x000000071ee00000|100%| O|  |TAMS 0x000000071ec00000, 0x000000071ec00000| Untracked 
| 247|0x000000071ee00000, 0x000000071f000000, 0x000000071f000000|100%| O|  |TAMS 0x000000071ee00000, 0x000000071ee00000| Untracked 
| 248|0x000000071f000000, 0x000000071f200000, 0x000000071f200000|100%| O|  |TAMS 0x000000071f000000, 0x000000071f000000| Untracked 
| 249|0x000000071f200000, 0x000000071f400000, 0x000000071f400000|100%| O|  |TAMS 0x000000071f200000, 0x000000071f200000| Untracked 
| 250|0x000000071f400000, 0x000000071f600000, 0x000000071f600000|100%| O|  |TAMS 0x000000071f400000, 0x000000071f400000| Untracked 
| 251|0x000000071f600000, 0x000000071f800000, 0x000000071f800000|100%|HS|  |TAMS 0x000000071f600000, 0x000000071f600000| Complete 
| 252|0x000000071f800000, 0x000000071fa00000, 0x000000071fa00000|100%|HS|  |TAMS 0x000000071f800000, 0x000000071f800000| Complete 
| 253|0x000000071fa00000, 0x000000071fc00000, 0x000000071fc00000|100%| O|  |TAMS 0x000000071fa00000, 0x000000071fa00000| Untracked 
| 254|0x000000071fc00000, 0x000000071fe00000, 0x000000071fe00000|100%| O|  |TAMS 0x000000071fc00000, 0x000000071fc00000| Untracked 
| 255|0x000000071fe00000, 0x0000000720000000, 0x0000000720000000|100%| O|  |TAMS 0x000000071fe00000, 0x000000071fe00000| Untracked 
| 256|0x0000000720000000, 0x0000000720200000, 0x0000000720200000|100%| O|  |TAMS 0x0000000720000000, 0x0000000720000000| Untracked 
| 257|0x0000000720200000, 0x0000000720400000, 0x0000000720400000|100%| O|  |TAMS 0x0000000720200000, 0x0000000720200000| Untracked 
| 258|0x0000000720400000, 0x0000000720600000, 0x0000000720600000|100%| O|  |TAMS 0x0000000720400000, 0x0000000720400000| Untracked 
| 259|0x0000000720600000, 0x0000000720800000, 0x0000000720800000|100%| O|  |TAMS 0x0000000720600000, 0x0000000720600000| Untracked 
| 260|0x0000000720800000, 0x0000000720a00000, 0x0000000720a00000|100%| O|  |TAMS 0x0000000720800000, 0x0000000720800000| Untracked 
| 261|0x0000000720a00000, 0x0000000720c00000, 0x0000000720c00000|100%| O|  |TAMS 0x0000000720a00000, 0x0000000720a00000| Untracked 
| 262|0x0000000720c00000, 0x0000000720e00000, 0x0000000720e00000|100%| O|  |TAMS 0x0000000720c00000, 0x0000000720c00000| Untracked 
| 263|0x0000000720e00000, 0x0000000721000000, 0x0000000721000000|100%| O|  |TAMS 0x0000000720e00000, 0x0000000720e00000| Untracked 
| 264|0x0000000721000000, 0x0000000721200000, 0x0000000721200000|100%| O|  |TAMS 0x0000000721000000, 0x0000000721000000| Untracked 
| 265|0x0000000721200000, 0x0000000721400000, 0x0000000721400000|100%| O|  |TAMS 0x0000000721200000, 0x0000000721200000| Untracked 
| 266|0x0000000721400000, 0x0000000721600000, 0x0000000721600000|100%| O|  |TAMS 0x0000000721400000, 0x0000000721400000| Untracked 
| 267|0x0000000721600000, 0x0000000721800000, 0x0000000721800000|100%| O|  |TAMS 0x0000000721600000, 0x0000000721600000| Untracked 
| 268|0x0000000721800000, 0x0000000721a00000, 0x0000000721a00000|100%| O|  |TAMS 0x0000000721800000, 0x0000000721800000| Untracked 
| 269|0x0000000721a00000, 0x0000000721c00000, 0x0000000721c00000|100%| O|  |TAMS 0x0000000721a00000, 0x0000000721a00000| Untracked 
| 270|0x0000000721c00000, 0x0000000721e00000, 0x0000000721e00000|100%| O|  |TAMS 0x0000000721c00000, 0x0000000721c00000| Untracked 
| 271|0x0000000721e00000, 0x0000000722000000, 0x0000000722000000|100%| O|  |TAMS 0x0000000721e00000, 0x0000000721e00000| Untracked 
| 272|0x0000000722000000, 0x0000000722200000, 0x0000000722200000|100%| O|  |TAMS 0x0000000722000000, 0x0000000722000000| Untracked 
| 273|0x0000000722200000, 0x0000000722400000, 0x0000000722400000|100%| O|  |TAMS 0x0000000722200000, 0x0000000722200000| Untracked 
| 274|0x0000000722400000, 0x0000000722600000, 0x0000000722600000|100%| O|  |TAMS 0x0000000722400000, 0x0000000722400000| Untracked 
| 275|0x0000000722600000, 0x0000000722800000, 0x0000000722800000|100%| O|  |TAMS 0x0000000722600000, 0x0000000722600000| Untracked 
| 276|0x0000000722800000, 0x0000000722a00000, 0x0000000722a00000|100%| O|  |TAMS 0x0000000722800000, 0x0000000722800000| Untracked 
| 277|0x0000000722a00000, 0x0000000722c00000, 0x0000000722c00000|100%| O|  |TAMS 0x0000000722a00000, 0x0000000722a00000| Untracked 
| 278|0x0000000722c00000, 0x0000000722e00000, 0x0000000722e00000|100%| O|  |TAMS 0x0000000722c00000, 0x0000000722c00000| Untracked 
| 279|0x0000000722e00000, 0x0000000723000000, 0x0000000723000000|100%| O|  |TAMS 0x0000000722e00000, 0x0000000722e00000| Untracked 
| 280|0x0000000723000000, 0x0000000723200000, 0x0000000723200000|100%| O|  |TAMS 0x0000000723000000, 0x0000000723000000| Untracked 
| 281|0x0000000723200000, 0x0000000723400000, 0x0000000723400000|100%| O|  |TAMS 0x0000000723200000, 0x0000000723200000| Untracked 
| 282|0x0000000723400000, 0x0000000723600000, 0x0000000723600000|100%| O|  |TAMS 0x0000000723400000, 0x0000000723400000| Untracked 
| 283|0x0000000723600000, 0x0000000723800000, 0x0000000723800000|100%| O|  |TAMS 0x0000000723600000, 0x0000000723600000| Untracked 
| 284|0x0000000723800000, 0x0000000723a00000, 0x0000000723a00000|100%| O|  |TAMS 0x0000000723800000, 0x0000000723800000| Untracked 
| 285|0x0000000723a00000, 0x0000000723c00000, 0x0000000723c00000|100%| O|  |TAMS 0x0000000723a00000, 0x0000000723a00000| Untracked 
| 286|0x0000000723c00000, 0x0000000723e00000, 0x0000000723e00000|100%| O|  |TAMS 0x0000000723c00000, 0x0000000723c00000| Untracked 
| 287|0x0000000723e00000, 0x0000000724000000, 0x0000000724000000|100%| O|  |TAMS 0x0000000723e00000, 0x0000000723e00000| Untracked 
| 288|0x0000000724000000, 0x0000000724200000, 0x0000000724200000|100%| O|  |TAMS 0x0000000724000000, 0x0000000724000000| Untracked 
| 289|0x0000000724200000, 0x0000000724400000, 0x0000000724400000|100%| O|  |TAMS 0x0000000724200000, 0x0000000724200000| Untracked 
| 290|0x0000000724400000, 0x0000000724600000, 0x0000000724600000|100%| O|  |TAMS 0x0000000724400000, 0x0000000724400000| Untracked 
| 291|0x0000000724600000, 0x0000000724800000, 0x0000000724800000|100%| O|  |TAMS 0x0000000724600000, 0x0000000724600000| Untracked 
| 292|0x0000000724800000, 0x0000000724a00000, 0x0000000724a00000|100%| O|  |TAMS 0x0000000724800000, 0x0000000724800000| Untracked 
| 293|0x0000000724a00000, 0x0000000724c00000, 0x0000000724c00000|100%| O|  |TAMS 0x0000000724a00000, 0x0000000724a00000| Untracked 
| 294|0x0000000724c00000, 0x0000000724e00000, 0x0000000724e00000|100%| O|  |TAMS 0x0000000724c00000, 0x0000000724c00000| Untracked 
| 295|0x0000000724e00000, 0x0000000725000000, 0x0000000725000000|100%| O|  |TAMS 0x0000000724e00000, 0x0000000724e00000| Untracked 
| 296|0x0000000725000000, 0x0000000725200000, 0x0000000725200000|100%| O|  |TAMS 0x0000000725000000, 0x0000000725000000| Untracked 
| 297|0x0000000725200000, 0x0000000725400000, 0x0000000725400000|100%| O|  |TAMS 0x0000000725200000, 0x0000000725200000| Untracked 
| 298|0x0000000725400000, 0x0000000725600000, 0x0000000725600000|100%| O|  |TAMS 0x0000000725400000, 0x0000000725400000| Untracked 
| 299|0x0000000725600000, 0x0000000725800000, 0x0000000725800000|100%| O|  |TAMS 0x0000000725600000, 0x0000000725600000| Untracked 
| 300|0x0000000725800000, 0x0000000725800000, 0x0000000725a00000|  0%| F|  |TAMS 0x0000000725800000, 0x0000000725800000| Untracked 
| 301|0x0000000725a00000, 0x0000000725a00000, 0x0000000725c00000|  0%| F|  |TAMS 0x0000000725a00000, 0x0000000725a00000| Untracked 
| 302|0x0000000725c00000, 0x0000000725c00000, 0x0000000725e00000|  0%| F|  |TAMS 0x0000000725c00000, 0x0000000725c00000| Untracked 
| 303|0x0000000725e00000, 0x0000000725e00000, 0x0000000726000000|  0%| F|  |TAMS 0x0000000725e00000, 0x0000000725e00000| Untracked 
| 304|0x0000000726000000, 0x0000000726000000, 0x0000000726200000|  0%| F|  |TAMS 0x0000000726000000, 0x0000000726000000| Untracked 
| 305|0x0000000726200000, 0x0000000726200000, 0x0000000726400000|  0%| F|  |TAMS 0x0000000726200000, 0x0000000726200000| Untracked 
| 306|0x0000000726400000, 0x0000000726400000, 0x0000000726600000|  0%| F|  |TAMS 0x0000000726400000, 0x0000000726400000| Untracked 
| 307|0x0000000726600000, 0x0000000726600000, 0x0000000726800000|  0%| F|  |TAMS 0x0000000726600000, 0x0000000726600000| Untracked 
| 308|0x0000000726800000, 0x0000000726800000, 0x0000000726a00000|  0%| F|  |TAMS 0x0000000726800000, 0x0000000726800000| Untracked 
| 309|0x0000000726a00000, 0x0000000726a00000, 0x0000000726c00000|  0%| F|  |TAMS 0x0000000726a00000, 0x0000000726a00000| Untracked 
| 310|0x0000000726c00000, 0x0000000726c00000, 0x0000000726e00000|  0%| F|  |TAMS 0x0000000726c00000, 0x0000000726c00000| Untracked 
| 311|0x0000000726e00000, 0x0000000726e00000, 0x0000000727000000|  0%| F|  |TAMS 0x0000000726e00000, 0x0000000726e00000| Untracked 
| 312|0x0000000727000000, 0x0000000727000000, 0x0000000727200000|  0%| F|  |TAMS 0x0000000727000000, 0x0000000727000000| Untracked 
| 313|0x0000000727200000, 0x0000000727200000, 0x0000000727400000|  0%| F|  |TAMS 0x0000000727200000, 0x0000000727200000| Untracked 
| 314|0x0000000727400000, 0x0000000727400000, 0x0000000727600000|  0%| F|  |TAMS 0x0000000727400000, 0x0000000727400000| Untracked 
| 315|0x0000000727600000, 0x0000000727600000, 0x0000000727800000|  0%| F|  |TAMS 0x0000000727600000, 0x0000000727600000| Untracked 
| 316|0x0000000727800000, 0x0000000727800000, 0x0000000727a00000|  0%| F|  |TAMS 0x0000000727800000, 0x0000000727800000| Untracked 
| 317|0x0000000727a00000, 0x0000000727a00000, 0x0000000727c00000|  0%| F|  |TAMS 0x0000000727a00000, 0x0000000727a00000| Untracked 
| 318|0x0000000727c00000, 0x0000000727c00000, 0x0000000727e00000|  0%| F|  |TAMS 0x0000000727c00000, 0x0000000727c00000| Untracked 
| 319|0x0000000727e00000, 0x0000000727e00000, 0x0000000728000000|  0%| F|  |TAMS 0x0000000727e00000, 0x0000000727e00000| Untracked 
| 320|0x0000000728000000, 0x0000000728000000, 0x0000000728200000|  0%| F|  |TAMS 0x0000000728000000, 0x0000000728000000| Untracked 
| 321|0x0000000728200000, 0x0000000728200000, 0x0000000728400000|  0%| F|  |TAMS 0x0000000728200000, 0x0000000728200000| Untracked 
| 322|0x0000000728400000, 0x0000000728400000, 0x0000000728600000|  0%| F|  |TAMS 0x0000000728400000, 0x0000000728400000| Untracked 
| 323|0x0000000728600000, 0x0000000728600000, 0x0000000728800000|  0%| F|  |TAMS 0x0000000728600000, 0x0000000728600000| Untracked 
| 324|0x0000000728800000, 0x0000000728800000, 0x0000000728a00000|  0%| F|  |TAMS 0x0000000728800000, 0x0000000728800000| Untracked 
| 325|0x0000000728a00000, 0x0000000728a00000, 0x0000000728c00000|  0%| F|  |TAMS 0x0000000728a00000, 0x0000000728a00000| Untracked 
| 326|0x0000000728c00000, 0x0000000728c00000, 0x0000000728e00000|  0%| F|  |TAMS 0x0000000728c00000, 0x0000000728c00000| Untracked 
| 327|0x0000000728e00000, 0x0000000728e00000, 0x0000000729000000|  0%| F|  |TAMS 0x0000000728e00000, 0x0000000728e00000| Untracked 
| 328|0x0000000729000000, 0x0000000729000000, 0x0000000729200000|  0%| F|  |TAMS 0x0000000729000000, 0x0000000729000000| Untracked 
| 329|0x0000000729200000, 0x0000000729200000, 0x0000000729400000|  0%| F|  |TAMS 0x0000000729200000, 0x0000000729200000| Untracked 
| 330|0x0000000729400000, 0x0000000729400000, 0x0000000729600000|  0%| F|  |TAMS 0x0000000729400000, 0x0000000729400000| Untracked 
| 331|0x0000000729600000, 0x0000000729600000, 0x0000000729800000|  0%| F|  |TAMS 0x0000000729600000, 0x0000000729600000| Untracked 
| 332|0x0000000729800000, 0x0000000729800000, 0x0000000729a00000|  0%| F|  |TAMS 0x0000000729800000, 0x0000000729800000| Untracked 
| 333|0x0000000729a00000, 0x0000000729a00000, 0x0000000729c00000|  0%| F|  |TAMS 0x0000000729a00000, 0x0000000729a00000| Untracked 
| 334|0x0000000729c00000, 0x0000000729c00000, 0x0000000729e00000|  0%| F|  |TAMS 0x0000000729c00000, 0x0000000729c00000| Untracked 
| 335|0x0000000729e00000, 0x0000000729e00000, 0x000000072a000000|  0%| F|  |TAMS 0x0000000729e00000, 0x0000000729e00000| Untracked 
| 336|0x000000072a000000, 0x000000072a000000, 0x000000072a200000|  0%| F|  |TAMS 0x000000072a000000, 0x000000072a000000| Untracked 
| 337|0x000000072a200000, 0x000000072a200000, 0x000000072a400000|  0%| F|  |TAMS 0x000000072a200000, 0x000000072a200000| Untracked 
| 338|0x000000072a400000, 0x000000072a400000, 0x000000072a600000|  0%| F|  |TAMS 0x000000072a400000, 0x000000072a400000| Untracked 
| 339|0x000000072a600000, 0x000000072a600000, 0x000000072a800000|  0%| F|  |TAMS 0x000000072a600000, 0x000000072a600000| Untracked 
| 340|0x000000072a800000, 0x000000072a800000, 0x000000072aa00000|  0%| F|  |TAMS 0x000000072a800000, 0x000000072a800000| Untracked 
| 341|0x000000072aa00000, 0x000000072aa00000, 0x000000072ac00000|  0%| F|  |TAMS 0x000000072aa00000, 0x000000072aa00000| Untracked 
| 342|0x000000072ac00000, 0x000000072ac00000, 0x000000072ae00000|  0%| F|  |TAMS 0x000000072ac00000, 0x000000072ac00000| Untracked 
| 343|0x000000072ae00000, 0x000000072ae00000, 0x000000072b000000|  0%| F|  |TAMS 0x000000072ae00000, 0x000000072ae00000| Untracked 
| 344|0x000000072b000000, 0x000000072b000000, 0x000000072b200000|  0%| F|  |TAMS 0x000000072b000000, 0x000000072b000000| Untracked 
| 345|0x000000072b200000, 0x000000072b200000, 0x000000072b400000|  0%| F|  |TAMS 0x000000072b200000, 0x000000072b200000| Untracked 
| 346|0x000000072b400000, 0x000000072b400000, 0x000000072b600000|  0%| F|  |TAMS 0x000000072b400000, 0x000000072b400000| Untracked 
| 347|0x000000072b600000, 0x000000072b600000, 0x000000072b800000|  0%| F|  |TAMS 0x000000072b600000, 0x000000072b600000| Untracked 
| 348|0x000000072b800000, 0x000000072b800000, 0x000000072ba00000|  0%| F|  |TAMS 0x000000072b800000, 0x000000072b800000| Untracked 
| 349|0x000000072ba00000, 0x000000072ba00000, 0x000000072bc00000|  0%| F|  |TAMS 0x000000072ba00000, 0x000000072ba00000| Untracked 
| 350|0x000000072bc00000, 0x000000072bc00000, 0x000000072be00000|  0%| F|  |TAMS 0x000000072bc00000, 0x000000072bc00000| Untracked 
| 351|0x000000072be00000, 0x000000072be00000, 0x000000072c000000|  0%| F|  |TAMS 0x000000072be00000, 0x000000072be00000| Untracked 
| 352|0x000000072c000000, 0x000000072c000000, 0x000000072c200000|  0%| F|  |TAMS 0x000000072c000000, 0x000000072c000000| Untracked 
| 353|0x000000072c200000, 0x000000072c200000, 0x000000072c400000|  0%| F|  |TAMS 0x000000072c200000, 0x000000072c200000| Untracked 
| 354|0x000000072c400000, 0x000000072c600000, 0x000000072c600000|100%| E|CS|TAMS 0x000000072c400000, 0x000000072c400000| Complete 
| 355|0x000000072c600000, 0x000000072c800000, 0x000000072c800000|100%| E|CS|TAMS 0x000000072c600000, 0x000000072c600000| Complete 
| 356|0x000000072c800000, 0x000000072ca00000, 0x000000072ca00000|100%| E|CS|TAMS 0x000000072c800000, 0x000000072c800000| Complete 
| 357|0x000000072ca00000, 0x000000072cc00000, 0x000000072cc00000|100%| E|CS|TAMS 0x000000072ca00000, 0x000000072ca00000| Complete 
| 358|0x000000072cc00000, 0x000000072ce00000, 0x000000072ce00000|100%| E|CS|TAMS 0x000000072cc00000, 0x000000072cc00000| Complete 
| 359|0x000000072ce00000, 0x000000072d000000, 0x000000072d000000|100%| E|CS|TAMS 0x000000072ce00000, 0x000000072ce00000| Complete 
| 360|0x000000072d000000, 0x000000072d200000, 0x000000072d200000|100%| E|CS|TAMS 0x000000072d000000, 0x000000072d000000| Complete 
| 361|0x000000072d200000, 0x000000072d400000, 0x000000072d400000|100%| E|CS|TAMS 0x000000072d200000, 0x000000072d200000| Complete 
| 362|0x000000072d400000, 0x000000072d600000, 0x000000072d600000|100%| E|CS|TAMS 0x000000072d400000, 0x000000072d400000| Complete 
| 363|0x000000072d600000, 0x000000072d800000, 0x000000072d800000|100%| E|CS|TAMS 0x000000072d600000, 0x000000072d600000| Complete 
| 364|0x000000072d800000, 0x000000072da00000, 0x000000072da00000|100%| E|CS|TAMS 0x000000072d800000, 0x000000072d800000| Complete 
| 365|0x000000072da00000, 0x000000072dc00000, 0x000000072dc00000|100%| E|CS|TAMS 0x000000072da00000, 0x000000072da00000| Complete 
| 366|0x000000072dc00000, 0x000000072de00000, 0x000000072de00000|100%| E|CS|TAMS 0x000000072dc00000, 0x000000072dc00000| Complete 
| 367|0x000000072de00000, 0x000000072e000000, 0x000000072e000000|100%| E|CS|TAMS 0x000000072de00000, 0x000000072de00000| Complete 
| 368|0x000000072e000000, 0x000000072e200000, 0x000000072e200000|100%| E|CS|TAMS 0x000000072e000000, 0x000000072e000000| Complete 
| 369|0x000000072e200000, 0x000000072e400000, 0x000000072e400000|100%| E|CS|TAMS 0x000000072e200000, 0x000000072e200000| Complete 
| 370|0x000000072e400000, 0x000000072e600000, 0x000000072e600000|100%| E|CS|TAMS 0x000000072e400000, 0x000000072e400000| Complete 
| 371|0x000000072e600000, 0x000000072e800000, 0x000000072e800000|100%| E|CS|TAMS 0x000000072e600000, 0x000000072e600000| Complete 
| 372|0x000000072e800000, 0x000000072ea00000, 0x000000072ea00000|100%| E|CS|TAMS 0x000000072e800000, 0x000000072e800000| Complete 
| 373|0x000000072ea00000, 0x000000072ec00000, 0x000000072ec00000|100%| E|CS|TAMS 0x000000072ea00000, 0x000000072ea00000| Complete 
| 374|0x000000072ec00000, 0x000000072ee00000, 0x000000072ee00000|100%| E|CS|TAMS 0x000000072ec00000, 0x000000072ec00000| Complete 
| 375|0x000000072ee00000, 0x000000072f000000, 0x000000072f000000|100%| E|CS|TAMS 0x000000072ee00000, 0x000000072ee00000| Complete 
| 376|0x000000072f000000, 0x000000072f200000, 0x000000072f200000|100%| E|CS|TAMS 0x000000072f000000, 0x000000072f000000| Complete 
| 377|0x000000072f200000, 0x000000072f400000, 0x000000072f400000|100%| E|CS|TAMS 0x000000072f200000, 0x000000072f200000| Complete 
| 378|0x000000072f400000, 0x000000072f600000, 0x000000072f600000|100%| E|CS|TAMS 0x000000072f400000, 0x000000072f400000| Complete 
| 379|0x000000072f600000, 0x000000072f800000, 0x000000072f800000|100%| E|CS|TAMS 0x000000072f600000, 0x000000072f600000| Complete 
| 380|0x000000072f800000, 0x000000072fa00000, 0x000000072fa00000|100%| E|CS|TAMS 0x000000072f800000, 0x000000072f800000| Complete 
| 381|0x000000072fa00000, 0x000000072fc00000, 0x000000072fc00000|100%| E|CS|TAMS 0x000000072fa00000, 0x000000072fa00000| Complete 
| 382|0x000000072fc00000, 0x000000072fe00000, 0x000000072fe00000|100%| E|CS|TAMS 0x000000072fc00000, 0x000000072fc00000| Complete 
| 383|0x000000072fe00000, 0x0000000730000000, 0x0000000730000000|100%| E|CS|TAMS 0x000000072fe00000, 0x000000072fe00000| Complete 
| 384|0x0000000730000000, 0x0000000730200000, 0x0000000730200000|100%| E|CS|TAMS 0x0000000730000000, 0x0000000730000000| Complete 
| 385|0x0000000730200000, 0x0000000730400000, 0x0000000730400000|100%| E|CS|TAMS 0x0000000730200000, 0x0000000730200000| Complete 
| 386|0x0000000730400000, 0x0000000730400000, 0x0000000730600000|  0%| F|  |TAMS 0x0000000730400000, 0x0000000730400000| Untracked 
| 387|0x0000000730600000, 0x0000000730600000, 0x0000000730800000|  0%| F|  |TAMS 0x0000000730600000, 0x0000000730600000| Untracked 
| 388|0x0000000730800000, 0x0000000730800000, 0x0000000730a00000|  0%| F|  |TAMS 0x0000000730800000, 0x0000000730800000| Untracked 
| 389|0x0000000730a00000, 0x0000000730a00000, 0x0000000730c00000|  0%| F|  |TAMS 0x0000000730a00000, 0x0000000730a00000| Untracked 
| 390|0x0000000730c00000, 0x0000000730c00000, 0x0000000730e00000|  0%| F|  |TAMS 0x0000000730c00000, 0x0000000730c00000| Untracked 
| 391|0x0000000730e00000, 0x0000000730e00000, 0x0000000731000000|  0%| F|  |TAMS 0x0000000730e00000, 0x0000000730e00000| Untracked 
| 392|0x0000000731000000, 0x0000000731000000, 0x0000000731200000|  0%| F|  |TAMS 0x0000000731000000, 0x0000000731000000| Untracked 
| 393|0x0000000731200000, 0x0000000731200000, 0x0000000731400000|  0%| F|  |TAMS 0x0000000731200000, 0x0000000731200000| Untracked 
| 394|0x0000000731400000, 0x0000000731400000, 0x0000000731600000|  0%| F|  |TAMS 0x0000000731400000, 0x0000000731400000| Untracked 
| 395|0x0000000731600000, 0x0000000731600000, 0x0000000731800000|  0%| F|  |TAMS 0x0000000731600000, 0x0000000731600000| Untracked 
| 396|0x0000000731800000, 0x0000000731800000, 0x0000000731a00000|  0%| F|  |TAMS 0x0000000731800000, 0x0000000731800000| Untracked 
| 397|0x0000000731a00000, 0x0000000731a00000, 0x0000000731c00000|  0%| F|  |TAMS 0x0000000731a00000, 0x0000000731a00000| Untracked 
| 398|0x0000000731c00000, 0x0000000731c00000, 0x0000000731e00000|  0%| F|  |TAMS 0x0000000731c00000, 0x0000000731c00000| Untracked 
| 399|0x0000000731e00000, 0x0000000731e00000, 0x0000000732000000|  0%| F|  |TAMS 0x0000000731e00000, 0x0000000731e00000| Untracked 
| 400|0x0000000732000000, 0x0000000732000000, 0x0000000732200000|  0%| F|  |TAMS 0x0000000732000000, 0x0000000732000000| Untracked 
| 401|0x0000000732200000, 0x0000000732200000, 0x0000000732400000|  0%| F|  |TAMS 0x0000000732200000, 0x0000000732200000| Untracked 
| 402|0x0000000732400000, 0x0000000732400000, 0x0000000732600000|  0%| F|  |TAMS 0x0000000732400000, 0x0000000732400000| Untracked 
| 403|0x0000000732600000, 0x0000000732600000, 0x0000000732800000|  0%| F|  |TAMS 0x0000000732600000, 0x0000000732600000| Untracked 
| 404|0x0000000732800000, 0x0000000732800000, 0x0000000732a00000|  0%| F|  |TAMS 0x0000000732800000, 0x0000000732800000| Untracked 
| 405|0x0000000732a00000, 0x0000000732a00000, 0x0000000732c00000|  0%| F|  |TAMS 0x0000000732a00000, 0x0000000732a00000| Untracked 
| 406|0x0000000732c00000, 0x0000000732c00000, 0x0000000732e00000|  0%| F|  |TAMS 0x0000000732c00000, 0x0000000732c00000| Untracked 
| 407|0x0000000732e00000, 0x0000000732e00000, 0x0000000733000000|  0%| F|  |TAMS 0x0000000732e00000, 0x0000000732e00000| Untracked 
| 408|0x0000000733000000, 0x0000000733000000, 0x0000000733200000|  0%| F|  |TAMS 0x0000000733000000, 0x0000000733000000| Untracked 
| 409|0x0000000733200000, 0x0000000733200000, 0x0000000733400000|  0%| F|  |TAMS 0x0000000733200000, 0x0000000733200000| Untracked 
| 410|0x0000000733400000, 0x0000000733400000, 0x0000000733600000|  0%| F|  |TAMS 0x0000000733400000, 0x0000000733400000| Untracked 
| 411|0x0000000733600000, 0x0000000733600000, 0x0000000733800000|  0%| F|  |TAMS 0x0000000733600000, 0x0000000733600000| Untracked 
| 412|0x0000000733800000, 0x0000000733800000, 0x0000000733a00000|  0%| F|  |TAMS 0x0000000733800000, 0x0000000733800000| Untracked 
| 413|0x0000000733a00000, 0x0000000733a00000, 0x0000000733c00000|  0%| F|  |TAMS 0x0000000733a00000, 0x0000000733a00000| Untracked 
| 414|0x0000000733c00000, 0x0000000733c00000, 0x0000000733e00000|  0%| F|  |TAMS 0x0000000733c00000, 0x0000000733c00000| Untracked 
| 415|0x0000000733e00000, 0x0000000733e00000, 0x0000000734000000|  0%| F|  |TAMS 0x0000000733e00000, 0x0000000733e00000| Untracked 
| 416|0x0000000734000000, 0x0000000734000000, 0x0000000734200000|  0%| F|  |TAMS 0x0000000734000000, 0x0000000734000000| Untracked 
| 417|0x0000000734200000, 0x0000000734200000, 0x0000000734400000|  0%| F|  |TAMS 0x0000000734200000, 0x0000000734200000| Untracked 
| 418|0x0000000734400000, 0x0000000734400000, 0x0000000734600000|  0%| F|  |TAMS 0x0000000734400000, 0x0000000734400000| Untracked 
| 419|0x0000000734600000, 0x0000000734600000, 0x0000000734800000|  0%| F|  |TAMS 0x0000000734600000, 0x0000000734600000| Untracked 
| 420|0x0000000734800000, 0x0000000734800000, 0x0000000734a00000|  0%| F|  |TAMS 0x0000000734800000, 0x0000000734800000| Untracked 
| 421|0x0000000734a00000, 0x0000000734a00000, 0x0000000734c00000|  0%| F|  |TAMS 0x0000000734a00000, 0x0000000734a00000| Untracked 
| 422|0x0000000734c00000, 0x0000000734c00000, 0x0000000734e00000|  0%| F|  |TAMS 0x0000000734c00000, 0x0000000734c00000| Untracked 
| 423|0x0000000734e00000, 0x0000000734e00000, 0x0000000735000000|  0%| F|  |TAMS 0x0000000734e00000, 0x0000000734e00000| Untracked 
| 424|0x0000000735000000, 0x0000000735000000, 0x0000000735200000|  0%| F|  |TAMS 0x0000000735000000, 0x0000000735000000| Untracked 
| 425|0x0000000735200000, 0x0000000735200000, 0x0000000735400000|  0%| F|  |TAMS 0x0000000735200000, 0x0000000735200000| Untracked 
| 426|0x0000000735400000, 0x0000000735400000, 0x0000000735600000|  0%| F|  |TAMS 0x0000000735400000, 0x0000000735400000| Untracked 
| 427|0x0000000735600000, 0x0000000735600000, 0x0000000735800000|  0%| F|  |TAMS 0x0000000735600000, 0x0000000735600000| Untracked 
| 428|0x0000000735800000, 0x0000000735800000, 0x0000000735a00000|  0%| F|  |TAMS 0x0000000735800000, 0x0000000735800000| Untracked 
| 429|0x0000000735a00000, 0x0000000735a00000, 0x0000000735c00000|  0%| F|  |TAMS 0x0000000735a00000, 0x0000000735a00000| Untracked 
| 430|0x0000000735c00000, 0x0000000735c00000, 0x0000000735e00000|  0%| F|  |TAMS 0x0000000735c00000, 0x0000000735c00000| Untracked 
| 431|0x0000000735e00000, 0x0000000735e00000, 0x0000000736000000|  0%| F|  |TAMS 0x0000000735e00000, 0x0000000735e00000| Untracked 
| 432|0x0000000736000000, 0x0000000736000000, 0x0000000736200000|  0%| F|  |TAMS 0x0000000736000000, 0x0000000736000000| Untracked 
| 433|0x0000000736200000, 0x0000000736200000, 0x0000000736400000|  0%| F|  |TAMS 0x0000000736200000, 0x0000000736200000| Untracked 
| 434|0x0000000736400000, 0x0000000736400000, 0x0000000736600000|  0%| F|  |TAMS 0x0000000736400000, 0x0000000736400000| Untracked 
| 435|0x0000000736600000, 0x0000000736600000, 0x0000000736800000|  0%| F|  |TAMS 0x0000000736600000, 0x0000000736600000| Untracked 
| 436|0x0000000736800000, 0x0000000736800000, 0x0000000736a00000|  0%| F|  |TAMS 0x0000000736800000, 0x0000000736800000| Untracked 
| 437|0x0000000736a00000, 0x0000000736a00000, 0x0000000736c00000|  0%| F|  |TAMS 0x0000000736a00000, 0x0000000736a00000| Untracked 
| 438|0x0000000736c00000, 0x0000000736c00000, 0x0000000736e00000|  0%| F|  |TAMS 0x0000000736c00000, 0x0000000736c00000| Untracked 
| 439|0x0000000736e00000, 0x0000000736e00000, 0x0000000737000000|  0%| F|  |TAMS 0x0000000736e00000, 0x0000000736e00000| Untracked 
| 440|0x0000000737000000, 0x0000000737000000, 0x0000000737200000|  0%| F|  |TAMS 0x0000000737000000, 0x0000000737000000| Untracked 
| 441|0x0000000737200000, 0x0000000737200000, 0x0000000737400000|  0%| F|  |TAMS 0x0000000737200000, 0x0000000737200000| Untracked 
| 442|0x0000000737400000, 0x0000000737400000, 0x0000000737600000|  0%| F|  |TAMS 0x0000000737400000, 0x0000000737400000| Untracked 
| 443|0x0000000737600000, 0x0000000737600000, 0x0000000737800000|  0%| F|  |TAMS 0x0000000737600000, 0x0000000737600000| Untracked 
| 444|0x0000000737800000, 0x0000000737800000, 0x0000000737a00000|  0%| F|  |TAMS 0x0000000737800000, 0x0000000737800000| Untracked 
| 445|0x0000000737a00000, 0x0000000737a00000, 0x0000000737c00000|  0%| F|  |TAMS 0x0000000737a00000, 0x0000000737a00000| Untracked 
| 446|0x0000000737c00000, 0x0000000737c00000, 0x0000000737e00000|  0%| F|  |TAMS 0x0000000737c00000, 0x0000000737c00000| Untracked 
| 447|0x0000000737e00000, 0x0000000737e00000, 0x0000000738000000|  0%| F|  |TAMS 0x0000000737e00000, 0x0000000737e00000| Untracked 
| 448|0x0000000738000000, 0x0000000738000000, 0x0000000738200000|  0%| F|  |TAMS 0x0000000738000000, 0x0000000738000000| Untracked 
| 449|0x0000000738200000, 0x0000000738200000, 0x0000000738400000|  0%| F|  |TAMS 0x0000000738200000, 0x0000000738200000| Untracked 
| 450|0x0000000738400000, 0x0000000738400000, 0x0000000738600000|  0%| F|  |TAMS 0x0000000738400000, 0x0000000738400000| Untracked 
| 451|0x0000000738600000, 0x0000000738600000, 0x0000000738800000|  0%| F|  |TAMS 0x0000000738600000, 0x0000000738600000| Untracked 
| 452|0x0000000738800000, 0x0000000738800000, 0x0000000738a00000|  0%| F|  |TAMS 0x0000000738800000, 0x0000000738800000| Untracked 
| 453|0x0000000738a00000, 0x0000000738a00000, 0x0000000738c00000|  0%| F|  |TAMS 0x0000000738a00000, 0x0000000738a00000| Untracked 
| 454|0x0000000738c00000, 0x0000000738c00000, 0x0000000738e00000|  0%| F|  |TAMS 0x0000000738c00000, 0x0000000738c00000| Untracked 
| 455|0x0000000738e00000, 0x0000000738e00000, 0x0000000739000000|  0%| F|  |TAMS 0x0000000738e00000, 0x0000000738e00000| Untracked 
| 456|0x0000000739000000, 0x0000000739000000, 0x0000000739200000|  0%| F|  |TAMS 0x0000000739000000, 0x0000000739000000| Untracked 
| 457|0x0000000739200000, 0x0000000739200000, 0x0000000739400000|  0%| F|  |TAMS 0x0000000739200000, 0x0000000739200000| Untracked 
| 458|0x0000000739400000, 0x0000000739400000, 0x0000000739600000|  0%| F|  |TAMS 0x0000000739400000, 0x0000000739400000| Untracked 
| 459|0x0000000739600000, 0x0000000739600000, 0x0000000739800000|  0%| F|  |TAMS 0x0000000739600000, 0x0000000739600000| Untracked 
| 460|0x0000000739800000, 0x0000000739800000, 0x0000000739a00000|  0%| F|  |TAMS 0x0000000739800000, 0x0000000739800000| Untracked 
| 461|0x0000000739a00000, 0x0000000739a00000, 0x0000000739c00000|  0%| F|  |TAMS 0x0000000739a00000, 0x0000000739a00000| Untracked 
| 462|0x0000000739c00000, 0x0000000739c00000, 0x0000000739e00000|  0%| F|  |TAMS 0x0000000739c00000, 0x0000000739c00000| Untracked 
| 463|0x0000000739e00000, 0x0000000739e00000, 0x000000073a000000|  0%| F|  |TAMS 0x0000000739e00000, 0x0000000739e00000| Untracked 
| 464|0x000000073a000000, 0x000000073a200000, 0x000000073a200000|100%| S|  |TAMS 0x000000073a000000, 0x000000073a000000| Complete 
| 465|0x000000073a200000, 0x000000073a400000, 0x000000073a400000|100%| S|  |TAMS 0x000000073a200000, 0x000000073a200000| Complete 
| 466|0x000000073a400000, 0x000000073a600000, 0x000000073a600000|100%| S|  |TAMS 0x000000073a400000, 0x000000073a400000| Complete 
| 467|0x000000073a600000, 0x000000073a800000, 0x000000073a800000|100%| S|  |TAMS 0x000000073a600000, 0x000000073a600000| Complete 
| 468|0x000000073a800000, 0x000000073aa00000, 0x000000073aa00000|100%| S|  |TAMS 0x000000073a800000, 0x000000073a800000| Complete 
| 469|0x000000073aa00000, 0x000000073ac00000, 0x000000073ac00000|100%| S|  |TAMS 0x000000073aa00000, 0x000000073aa00000| Complete 
| 470|0x000000073ac00000, 0x000000073ae00000, 0x000000073ae00000|100%| S|  |TAMS 0x000000073ac00000, 0x000000073ac00000| Complete 
| 471|0x000000073ae00000, 0x000000073b000000, 0x000000073b000000|100%| S|  |TAMS 0x000000073ae00000, 0x000000073ae00000| Complete 
| 472|0x000000073b000000, 0x000000073b200000, 0x000000073b200000|100%| S|  |TAMS 0x000000073b000000, 0x000000073b000000| Complete 
| 473|0x000000073b200000, 0x000000073b400000, 0x000000073b400000|100%| S|  |TAMS 0x000000073b200000, 0x000000073b200000| Complete 
| 474|0x000000073b400000, 0x000000073b600000, 0x000000073b600000|100%| S|  |TAMS 0x000000073b400000, 0x000000073b400000| Complete 
| 475|0x000000073b600000, 0x000000073b800000, 0x000000073b800000|100%| S|  |TAMS 0x000000073b600000, 0x000000073b600000| Complete 
| 476|0x000000073b800000, 0x000000073ba00000, 0x000000073ba00000|100%| S|  |TAMS 0x000000073b800000, 0x000000073b800000| Complete 
| 477|0x000000073ba00000, 0x000000073bc00000, 0x000000073bc00000|100%| S|  |TAMS 0x000000073ba00000, 0x000000073ba00000| Complete 
| 478|0x000000073bc00000, 0x000000073be00000, 0x000000073be00000|100%| S|  |TAMS 0x000000073bc00000, 0x000000073bc00000| Complete 
| 479|0x000000073be00000, 0x000000073c000000, 0x000000073c000000|100%| S|  |TAMS 0x000000073be00000, 0x000000073be00000| Complete 
| 480|0x000000073c000000, 0x000000073c200000, 0x000000073c200000|100%| S|  |TAMS 0x000000073c000000, 0x000000073c000000| Complete 
| 481|0x000000073c200000, 0x000000073c400000, 0x000000073c400000|100%| S|  |TAMS 0x000000073c200000, 0x000000073c200000| Complete 
| 482|0x000000073c400000, 0x000000073c600000, 0x000000073c600000|100%| S|  |TAMS 0x000000073c400000, 0x000000073c400000| Complete 
| 483|0x000000073c600000, 0x000000073c800000, 0x000000073c800000|100%| S|  |TAMS 0x000000073c600000, 0x000000073c600000| Complete 
| 484|0x000000073c800000, 0x000000073ca00000, 0x000000073ca00000|100%| S|  |TAMS 0x000000073c800000, 0x000000073c800000| Complete 
| 485|0x000000073ca00000, 0x000000073cc00000, 0x000000073cc00000|100%| S|  |TAMS 0x000000073ca00000, 0x000000073ca00000| Complete 
| 486|0x000000073cc00000, 0x000000073ce00000, 0x000000073ce00000|100%| S|  |TAMS 0x000000073cc00000, 0x000000073cc00000| Complete 
| 487|0x000000073ce00000, 0x000000073d000000, 0x000000073d000000|100%| E|CS|TAMS 0x000000073ce00000, 0x000000073ce00000| Complete 
| 488|0x000000073d000000, 0x000000073d200000, 0x000000073d200000|100%| E|CS|TAMS 0x000000073d000000, 0x000000073d000000| Complete 
| 489|0x000000073d200000, 0x000000073d400000, 0x000000073d400000|100%| E|CS|TAMS 0x000000073d200000, 0x000000073d200000| Complete 
| 490|0x000000073d400000, 0x000000073d600000, 0x000000073d600000|100%| E|CS|TAMS 0x000000073d400000, 0x000000073d400000| Complete 
| 491|0x000000073d600000, 0x000000073d800000, 0x000000073d800000|100%| E|CS|TAMS 0x000000073d600000, 0x000000073d600000| Complete 
| 492|0x000000073d800000, 0x000000073da00000, 0x000000073da00000|100%| E|CS|TAMS 0x000000073d800000, 0x000000073d800000| Complete 
| 493|0x000000073da00000, 0x000000073dc00000, 0x000000073dc00000|100%| E|CS|TAMS 0x000000073da00000, 0x000000073da00000| Complete 
| 494|0x000000073dc00000, 0x000000073de00000, 0x000000073de00000|100%| E|CS|TAMS 0x000000073dc00000, 0x000000073dc00000| Complete 
| 495|0x000000073de00000, 0x000000073e000000, 0x000000073e000000|100%| E|CS|TAMS 0x000000073de00000, 0x000000073de00000| Complete 
| 496|0x000000073e000000, 0x000000073e200000, 0x000000073e200000|100%| E|CS|TAMS 0x000000073e000000, 0x000000073e000000| Complete 
| 497|0x000000073e200000, 0x000000073e400000, 0x000000073e400000|100%| E|CS|TAMS 0x000000073e200000, 0x000000073e200000| Complete 
| 498|0x000000073e400000, 0x000000073e600000, 0x000000073e600000|100%| E|CS|TAMS 0x000000073e400000, 0x000000073e400000| Complete 
| 499|0x000000073e600000, 0x000000073e800000, 0x000000073e800000|100%| E|CS|TAMS 0x000000073e600000, 0x000000073e600000| Complete 
| 500|0x000000073e800000, 0x000000073ea00000, 0x000000073ea00000|100%| E|CS|TAMS 0x000000073e800000, 0x000000073e800000| Complete 
| 501|0x000000073ea00000, 0x000000073ec00000, 0x000000073ec00000|100%| E|CS|TAMS 0x000000073ea00000, 0x000000073ea00000| Complete 
| 502|0x000000073ec00000, 0x000000073ee00000, 0x000000073ee00000|100%| E|CS|TAMS 0x000000073ec00000, 0x000000073ec00000| Complete 
| 503|0x000000073ee00000, 0x000000073f000000, 0x000000073f000000|100%| E|CS|TAMS 0x000000073ee00000, 0x000000073ee00000| Complete 
| 504|0x000000073f000000, 0x000000073f200000, 0x000000073f200000|100%| E|CS|TAMS 0x000000073f000000, 0x000000073f000000| Complete 
| 505|0x000000073f200000, 0x000000073f400000, 0x000000073f400000|100%| E|CS|TAMS 0x000000073f200000, 0x000000073f200000| Complete 
| 506|0x000000073f400000, 0x000000073f600000, 0x000000073f600000|100%| E|CS|TAMS 0x000000073f400000, 0x000000073f400000| Complete 
| 507|0x000000073f600000, 0x000000073f800000, 0x000000073f800000|100%| E|CS|TAMS 0x000000073f600000, 0x000000073f600000| Complete 
| 508|0x000000073f800000, 0x000000073fa00000, 0x000000073fa00000|100%| E|CS|TAMS 0x000000073f800000, 0x000000073f800000| Complete 
| 509|0x000000073fa00000, 0x000000073fc00000, 0x000000073fc00000|100%| E|CS|TAMS 0x000000073fa00000, 0x000000073fa00000| Complete 
| 510|0x000000073fc00000, 0x000000073fe00000, 0x000000073fe00000|100%| E|CS|TAMS 0x000000073fc00000, 0x000000073fc00000| Complete 
| 511|0x000000073fe00000, 0x0000000740000000, 0x0000000740000000|100%| E|CS|TAMS 0x000000073fe00000, 0x000000073fe00000| Complete 
| 512|0x0000000740000000, 0x0000000740200000, 0x0000000740200000|100%| E|CS|TAMS 0x0000000740000000, 0x0000000740000000| Complete 
| 513|0x0000000740200000, 0x0000000740400000, 0x0000000740400000|100%| E|CS|TAMS 0x0000000740200000, 0x0000000740200000| Complete 
| 514|0x0000000740400000, 0x0000000740600000, 0x0000000740600000|100%| E|CS|TAMS 0x0000000740400000, 0x0000000740400000| Complete 
| 515|0x0000000740600000, 0x0000000740800000, 0x0000000740800000|100%| E|CS|TAMS 0x0000000740600000, 0x0000000740600000| Complete 
| 516|0x0000000740800000, 0x0000000740a00000, 0x0000000740a00000|100%| E|CS|TAMS 0x0000000740800000, 0x0000000740800000| Complete 
| 517|0x0000000740a00000, 0x0000000740c00000, 0x0000000740c00000|100%| E|CS|TAMS 0x0000000740a00000, 0x0000000740a00000| Complete 
| 518|0x0000000740c00000, 0x0000000740e00000, 0x0000000740e00000|100%| E|CS|TAMS 0x0000000740c00000, 0x0000000740c00000| Complete 
| 519|0x0000000740e00000, 0x0000000741000000, 0x0000000741000000|100%| E|CS|TAMS 0x0000000740e00000, 0x0000000740e00000| Complete 
| 520|0x0000000741000000, 0x0000000741200000, 0x0000000741200000|100%| E|CS|TAMS 0x0000000741000000, 0x0000000741000000| Complete 
| 521|0x0000000741200000, 0x0000000741400000, 0x0000000741400000|100%| E|CS|TAMS 0x0000000741200000, 0x0000000741200000| Complete 
| 522|0x0000000741400000, 0x0000000741600000, 0x0000000741600000|100%| E|CS|TAMS 0x0000000741400000, 0x0000000741400000| Complete 
| 523|0x0000000741600000, 0x0000000741800000, 0x0000000741800000|100%| E|CS|TAMS 0x0000000741600000, 0x0000000741600000| Complete 
| 524|0x0000000741800000, 0x0000000741a00000, 0x0000000741a00000|100%| E|CS|TAMS 0x0000000741800000, 0x0000000741800000| Complete 
| 525|0x0000000741a00000, 0x0000000741c00000, 0x0000000741c00000|100%| E|CS|TAMS 0x0000000741a00000, 0x0000000741a00000| Complete 
| 526|0x0000000741c00000, 0x0000000741e00000, 0x0000000741e00000|100%| E|CS|TAMS 0x0000000741c00000, 0x0000000741c00000| Complete 
| 527|0x0000000741e00000, 0x0000000742000000, 0x0000000742000000|100%| E|CS|TAMS 0x0000000741e00000, 0x0000000741e00000| Complete 
| 528|0x0000000742000000, 0x0000000742200000, 0x0000000742200000|100%| E|CS|TAMS 0x0000000742000000, 0x0000000742000000| Complete 
| 529|0x0000000742200000, 0x0000000742400000, 0x0000000742400000|100%| E|CS|TAMS 0x0000000742200000, 0x0000000742200000| Complete 
| 530|0x0000000742400000, 0x0000000742600000, 0x0000000742600000|100%| E|CS|TAMS 0x0000000742400000, 0x0000000742400000| Complete 
| 531|0x0000000742600000, 0x0000000742800000, 0x0000000742800000|100%| E|CS|TAMS 0x0000000742600000, 0x0000000742600000| Complete 
| 532|0x0000000742800000, 0x0000000742a00000, 0x0000000742a00000|100%| E|CS|TAMS 0x0000000742800000, 0x0000000742800000| Complete 
| 533|0x0000000742a00000, 0x0000000742c00000, 0x0000000742c00000|100%| E|CS|TAMS 0x0000000742a00000, 0x0000000742a00000| Complete 
| 534|0x0000000742c00000, 0x0000000742e00000, 0x0000000742e00000|100%| E|CS|TAMS 0x0000000742c00000, 0x0000000742c00000| Complete 
| 535|0x0000000742e00000, 0x0000000743000000, 0x0000000743000000|100%| E|CS|TAMS 0x0000000742e00000, 0x0000000742e00000| Complete 
| 536|0x0000000743000000, 0x0000000743200000, 0x0000000743200000|100%| E|CS|TAMS 0x0000000743000000, 0x0000000743000000| Complete 
| 537|0x0000000743200000, 0x0000000743400000, 0x0000000743400000|100%| E|CS|TAMS 0x0000000743200000, 0x0000000743200000| Complete 
| 538|0x0000000743400000, 0x0000000743600000, 0x0000000743600000|100%| E|CS|TAMS 0x0000000743400000, 0x0000000743400000| Complete 
| 539|0x0000000743600000, 0x0000000743800000, 0x0000000743800000|100%| E|CS|TAMS 0x0000000743600000, 0x0000000743600000| Complete 
| 540|0x0000000743800000, 0x0000000743a00000, 0x0000000743a00000|100%| E|CS|TAMS 0x0000000743800000, 0x0000000743800000| Complete 
| 541|0x0000000743a00000, 0x0000000743c00000, 0x0000000743c00000|100%| E|CS|TAMS 0x0000000743a00000, 0x0000000743a00000| Complete 
| 542|0x0000000743c00000, 0x0000000743e00000, 0x0000000743e00000|100%| E|CS|TAMS 0x0000000743c00000, 0x0000000743c00000| Complete 
| 543|0x0000000743e00000, 0x0000000744000000, 0x0000000744000000|100%| E|CS|TAMS 0x0000000743e00000, 0x0000000743e00000| Complete 
| 544|0x0000000744000000, 0x0000000744200000, 0x0000000744200000|100%| E|CS|TAMS 0x0000000744000000, 0x0000000744000000| Complete 
| 545|0x0000000744200000, 0x0000000744400000, 0x0000000744400000|100%| E|CS|TAMS 0x0000000744200000, 0x0000000744200000| Complete 
| 546|0x0000000744400000, 0x0000000744600000, 0x0000000744600000|100%| E|CS|TAMS 0x0000000744400000, 0x0000000744400000| Complete 
| 547|0x0000000744600000, 0x0000000744800000, 0x0000000744800000|100%| E|CS|TAMS 0x0000000744600000, 0x0000000744600000| Complete 
| 548|0x0000000744800000, 0x0000000744a00000, 0x0000000744a00000|100%| E|CS|TAMS 0x0000000744800000, 0x0000000744800000| Complete 
| 549|0x0000000744a00000, 0x0000000744c00000, 0x0000000744c00000|100%| E|CS|TAMS 0x0000000744a00000, 0x0000000744a00000| Complete 
| 550|0x0000000744c00000, 0x0000000744e00000, 0x0000000744e00000|100%| E|CS|TAMS 0x0000000744c00000, 0x0000000744c00000| Complete 
| 551|0x0000000744e00000, 0x0000000745000000, 0x0000000745000000|100%| E|CS|TAMS 0x0000000744e00000, 0x0000000744e00000| Complete 
| 552|0x0000000745000000, 0x0000000745200000, 0x0000000745200000|100%| E|CS|TAMS 0x0000000745000000, 0x0000000745000000| Complete 
| 553|0x0000000745200000, 0x0000000745400000, 0x0000000745400000|100%| E|CS|TAMS 0x0000000745200000, 0x0000000745200000| Complete 
| 554|0x0000000745400000, 0x0000000745600000, 0x0000000745600000|100%| E|CS|TAMS 0x0000000745400000, 0x0000000745400000| Complete 
| 555|0x0000000745600000, 0x0000000745800000, 0x0000000745800000|100%| E|CS|TAMS 0x0000000745600000, 0x0000000745600000| Complete 
| 556|0x0000000745800000, 0x0000000745a00000, 0x0000000745a00000|100%| E|CS|TAMS 0x0000000745800000, 0x0000000745800000| Complete 
| 557|0x0000000745a00000, 0x0000000745c00000, 0x0000000745c00000|100%| E|CS|TAMS 0x0000000745a00000, 0x0000000745a00000| Complete 
| 558|0x0000000745c00000, 0x0000000745e00000, 0x0000000745e00000|100%| E|CS|TAMS 0x0000000745c00000, 0x0000000745c00000| Complete 
| 559|0x0000000745e00000, 0x0000000746000000, 0x0000000746000000|100%| E|CS|TAMS 0x0000000745e00000, 0x0000000745e00000| Complete 
| 560|0x0000000746000000, 0x0000000746200000, 0x0000000746200000|100%| E|CS|TAMS 0x0000000746000000, 0x0000000746000000| Complete 
| 561|0x0000000746200000, 0x0000000746400000, 0x0000000746400000|100%| E|CS|TAMS 0x0000000746200000, 0x0000000746200000| Complete 
| 562|0x0000000746400000, 0x0000000746600000, 0x0000000746600000|100%| E|CS|TAMS 0x0000000746400000, 0x0000000746400000| Complete 
| 563|0x0000000746600000, 0x0000000746800000, 0x0000000746800000|100%| E|CS|TAMS 0x0000000746600000, 0x0000000746600000| Complete 
| 564|0x0000000746800000, 0x0000000746a00000, 0x0000000746a00000|100%| E|CS|TAMS 0x0000000746800000, 0x0000000746800000| Complete 
| 565|0x0000000746a00000, 0x0000000746c00000, 0x0000000746c00000|100%| E|CS|TAMS 0x0000000746a00000, 0x0000000746a00000| Complete 
| 566|0x0000000746c00000, 0x0000000746e00000, 0x0000000746e00000|100%| E|CS|TAMS 0x0000000746c00000, 0x0000000746c00000| Complete 
| 567|0x0000000746e00000, 0x0000000747000000, 0x0000000747000000|100%| E|CS|TAMS 0x0000000746e00000, 0x0000000746e00000| Complete 
| 568|0x0000000747000000, 0x0000000747200000, 0x0000000747200000|100%| E|CS|TAMS 0x0000000747000000, 0x0000000747000000| Complete 
| 569|0x0000000747200000, 0x0000000747400000, 0x0000000747400000|100%| E|CS|TAMS 0x0000000747200000, 0x0000000747200000| Complete 
| 570|0x0000000747400000, 0x0000000747600000, 0x0000000747600000|100%| E|CS|TAMS 0x0000000747400000, 0x0000000747400000| Complete 
| 571|0x0000000747600000, 0x0000000747800000, 0x0000000747800000|100%| E|CS|TAMS 0x0000000747600000, 0x0000000747600000| Complete 
| 572|0x0000000747800000, 0x0000000747a00000, 0x0000000747a00000|100%| E|CS|TAMS 0x0000000747800000, 0x0000000747800000| Complete 
| 573|0x0000000747a00000, 0x0000000747c00000, 0x0000000747c00000|100%| E|CS|TAMS 0x0000000747a00000, 0x0000000747a00000| Complete 
| 574|0x0000000747c00000, 0x0000000747e00000, 0x0000000747e00000|100%| E|CS|TAMS 0x0000000747c00000, 0x0000000747c00000| Complete 
| 575|0x0000000747e00000, 0x0000000748000000, 0x0000000748000000|100%| E|CS|TAMS 0x0000000747e00000, 0x0000000747e00000| Complete 
| 576|0x0000000748000000, 0x0000000748200000, 0x0000000748200000|100%| E|CS|TAMS 0x0000000748000000, 0x0000000748000000| Complete 
| 577|0x0000000748200000, 0x0000000748400000, 0x0000000748400000|100%| E|CS|TAMS 0x0000000748200000, 0x0000000748200000| Complete 
| 578|0x0000000748400000, 0x0000000748600000, 0x0000000748600000|100%| E|CS|TAMS 0x0000000748400000, 0x0000000748400000| Complete 
| 579|0x0000000748600000, 0x0000000748800000, 0x0000000748800000|100%| E|CS|TAMS 0x0000000748600000, 0x0000000748600000| Complete 
| 580|0x0000000748800000, 0x0000000748a00000, 0x0000000748a00000|100%| E|CS|TAMS 0x0000000748800000, 0x0000000748800000| Complete 
| 581|0x0000000748a00000, 0x0000000748c00000, 0x0000000748c00000|100%| E|CS|TAMS 0x0000000748a00000, 0x0000000748a00000| Complete 
| 582|0x0000000748c00000, 0x0000000748e00000, 0x0000000748e00000|100%| E|CS|TAMS 0x0000000748c00000, 0x0000000748c00000| Complete 
| 583|0x0000000748e00000, 0x0000000749000000, 0x0000000749000000|100%| E|CS|TAMS 0x0000000748e00000, 0x0000000748e00000| Complete 
| 584|0x0000000749000000, 0x0000000749200000, 0x0000000749200000|100%| E|CS|TAMS 0x0000000749000000, 0x0000000749000000| Complete 
| 585|0x0000000749200000, 0x0000000749400000, 0x0000000749400000|100%| E|CS|TAMS 0x0000000749200000, 0x0000000749200000| Complete 
| 586|0x0000000749400000, 0x0000000749600000, 0x0000000749600000|100%| E|CS|TAMS 0x0000000749400000, 0x0000000749400000| Complete 
| 587|0x0000000749600000, 0x0000000749800000, 0x0000000749800000|100%| E|CS|TAMS 0x0000000749600000, 0x0000000749600000| Complete 
| 588|0x0000000749800000, 0x0000000749a00000, 0x0000000749a00000|100%| E|CS|TAMS 0x0000000749800000, 0x0000000749800000| Complete 
| 589|0x0000000749a00000, 0x0000000749c00000, 0x0000000749c00000|100%| E|CS|TAMS 0x0000000749a00000, 0x0000000749a00000| Complete 
| 590|0x0000000749c00000, 0x0000000749e00000, 0x0000000749e00000|100%| E|CS|TAMS 0x0000000749c00000, 0x0000000749c00000| Complete 
| 591|0x0000000749e00000, 0x000000074a000000, 0x000000074a000000|100%| E|CS|TAMS 0x0000000749e00000, 0x0000000749e00000| Complete 
| 592|0x000000074a000000, 0x000000074a200000, 0x000000074a200000|100%| E|CS|TAMS 0x000000074a000000, 0x000000074a000000| Complete 
| 593|0x000000074a200000, 0x000000074a400000, 0x000000074a400000|100%| E|CS|TAMS 0x000000074a200000, 0x000000074a200000| Complete 
| 594|0x000000074a400000, 0x000000074a600000, 0x000000074a600000|100%| E|CS|TAMS 0x000000074a400000, 0x000000074a400000| Complete 
| 595|0x000000074a600000, 0x000000074a800000, 0x000000074a800000|100%| E|CS|TAMS 0x000000074a600000, 0x000000074a600000| Complete 
| 596|0x000000074a800000, 0x000000074aa00000, 0x000000074aa00000|100%| E|CS|TAMS 0x000000074a800000, 0x000000074a800000| Complete 
| 597|0x000000074aa00000, 0x000000074ac00000, 0x000000074ac00000|100%| E|CS|TAMS 0x000000074aa00000, 0x000000074aa00000| Complete 
| 598|0x000000074ac00000, 0x000000074ae00000, 0x000000074ae00000|100%| E|CS|TAMS 0x000000074ac00000, 0x000000074ac00000| Complete 
| 599|0x000000074ae00000, 0x000000074b000000, 0x000000074b000000|100%| E|CS|TAMS 0x000000074ae00000, 0x000000074ae00000| Complete 
| 600|0x000000074b000000, 0x000000074b200000, 0x000000074b200000|100%| E|CS|TAMS 0x000000074b000000, 0x000000074b000000| Complete 
| 601|0x000000074b200000, 0x000000074b400000, 0x000000074b400000|100%| E|CS|TAMS 0x000000074b200000, 0x000000074b200000| Complete 
| 602|0x000000074b400000, 0x000000074b600000, 0x000000074b600000|100%| E|CS|TAMS 0x000000074b400000, 0x000000074b400000| Complete 
| 603|0x000000074b600000, 0x000000074b800000, 0x000000074b800000|100%| E|CS|TAMS 0x000000074b600000, 0x000000074b600000| Complete 
| 604|0x000000074b800000, 0x000000074ba00000, 0x000000074ba00000|100%| E|CS|TAMS 0x000000074b800000, 0x000000074b800000| Complete 
| 605|0x000000074ba00000, 0x000000074bc00000, 0x000000074bc00000|100%| E|CS|TAMS 0x000000074ba00000, 0x000000074ba00000| Complete 
| 606|0x000000074bc00000, 0x000000074be00000, 0x000000074be00000|100%| E|CS|TAMS 0x000000074bc00000, 0x000000074bc00000| Complete 
| 607|0x000000074be00000, 0x000000074c000000, 0x000000074c000000|100%| E|CS|TAMS 0x000000074be00000, 0x000000074be00000| Complete 
| 608|0x000000074c000000, 0x000000074c200000, 0x000000074c200000|100%| E|CS|TAMS 0x000000074c000000, 0x000000074c000000| Complete 
| 609|0x000000074c200000, 0x000000074c400000, 0x000000074c400000|100%| E|CS|TAMS 0x000000074c200000, 0x000000074c200000| Complete 
| 610|0x000000074c400000, 0x000000074c600000, 0x000000074c600000|100%| E|CS|TAMS 0x000000074c400000, 0x000000074c400000| Complete 
| 611|0x000000074c600000, 0x000000074c800000, 0x000000074c800000|100%| E|CS|TAMS 0x000000074c600000, 0x000000074c600000| Complete 
| 612|0x000000074c800000, 0x000000074ca00000, 0x000000074ca00000|100%| E|CS|TAMS 0x000000074c800000, 0x000000074c800000| Complete 
| 613|0x000000074ca00000, 0x000000074cc00000, 0x000000074cc00000|100%| E|CS|TAMS 0x000000074ca00000, 0x000000074ca00000| Complete 
| 614|0x000000074cc00000, 0x000000074ce00000, 0x000000074ce00000|100%| E|CS|TAMS 0x000000074cc00000, 0x000000074cc00000| Complete 
| 615|0x000000074ce00000, 0x000000074d000000, 0x000000074d000000|100%| E|CS|TAMS 0x000000074ce00000, 0x000000074ce00000| Complete 
| 616|0x000000074d000000, 0x000000074d200000, 0x000000074d200000|100%| E|CS|TAMS 0x000000074d000000, 0x000000074d000000| Complete 
| 617|0x000000074d200000, 0x000000074d400000, 0x000000074d400000|100%| E|CS|TAMS 0x000000074d200000, 0x000000074d200000| Complete 
| 618|0x000000074d400000, 0x000000074d600000, 0x000000074d600000|100%| E|CS|TAMS 0x000000074d400000, 0x000000074d400000| Complete 
| 619|0x000000074d600000, 0x000000074d800000, 0x000000074d800000|100%| E|CS|TAMS 0x000000074d600000, 0x000000074d600000| Complete 
| 620|0x000000074d800000, 0x000000074da00000, 0x000000074da00000|100%| E|CS|TAMS 0x000000074d800000, 0x000000074d800000| Complete 
| 621|0x000000074da00000, 0x000000074dc00000, 0x000000074dc00000|100%| E|CS|TAMS 0x000000074da00000, 0x000000074da00000| Complete 
| 622|0x000000074dc00000, 0x000000074de00000, 0x000000074de00000|100%| E|CS|TAMS 0x000000074dc00000, 0x000000074dc00000| Complete 
| 623|0x000000074de00000, 0x000000074e000000, 0x000000074e000000|100%| E|CS|TAMS 0x000000074de00000, 0x000000074de00000| Complete 
| 624|0x000000074e000000, 0x000000074e200000, 0x000000074e200000|100%| E|CS|TAMS 0x000000074e000000, 0x000000074e000000| Complete 
| 625|0x000000074e200000, 0x000000074e400000, 0x000000074e400000|100%| E|CS|TAMS 0x000000074e200000, 0x000000074e200000| Complete 
| 626|0x000000074e400000, 0x000000074e600000, 0x000000074e600000|100%| E|CS|TAMS 0x000000074e400000, 0x000000074e400000| Complete 
| 627|0x000000074e600000, 0x000000074e800000, 0x000000074e800000|100%| E|CS|TAMS 0x000000074e600000, 0x000000074e600000| Complete 
| 628|0x000000074e800000, 0x000000074ea00000, 0x000000074ea00000|100%| E|CS|TAMS 0x000000074e800000, 0x000000074e800000| Complete 
| 629|0x000000074ea00000, 0x000000074ec00000, 0x000000074ec00000|100%| E|CS|TAMS 0x000000074ea00000, 0x000000074ea00000| Complete 
| 630|0x000000074ec00000, 0x000000074ee00000, 0x000000074ee00000|100%| E|CS|TAMS 0x000000074ec00000, 0x000000074ec00000| Complete 
| 631|0x000000074ee00000, 0x000000074f000000, 0x000000074f000000|100%| E|CS|TAMS 0x000000074ee00000, 0x000000074ee00000| Complete 
| 632|0x000000074f000000, 0x000000074f200000, 0x000000074f200000|100%| E|CS|TAMS 0x000000074f000000, 0x000000074f000000| Complete 
| 633|0x000000074f200000, 0x000000074f400000, 0x000000074f400000|100%| E|CS|TAMS 0x000000074f200000, 0x000000074f200000| Complete 

Card table byte_map: [0x000002445d940000,0x000002445e140000] _byte_map_base: 0x000002445a140000

Marking Bits (Prev, Next): (CMBitMap*) 0x000002444653a970, (CMBitMap*) 0x000002444653a9b0
 Prev Bits: [0x000002445e940000, 0x0000024462940000)
 Next Bits: [0x0000024462940000, 0x0000024466940000)

Polling page: 0x0000024444360000

Metaspace:

Usage:
  Non-class:    183.62 MB used.
      Class:     26.70 MB used.
       Both:    210.31 MB used.

Virtual space:
  Non-class space:      192.00 MB reserved,     184.25 MB ( 96%) committed,  3 nodes.
      Class space:        1.00 GB reserved,      27.25 MB (  3%) committed,  1 nodes.
             Both:        1.19 GB reserved,     211.50 MB ( 17%) committed. 

Chunk freelists:
   Non-Class:  7.66 MB
       Class:  4.78 MB
        Both:  12.44 MB

MaxMetaspaceSize: unlimited
CompressedClassSpaceSize: 1.00 GB
Initial GC threshold: 21.00 MB
Current GC threshold: 308.69 MB
CDS: on
MetaspaceReclaimPolicy: balanced
 - commit_granule_bytes: 65536.
 - commit_granule_words: 8192.
 - virtual_space_node_default_size: 8388608.
 - enlarge_chunks_in_place: 1.
 - new_chunks_are_fully_committed: 0.
 - uncommit_free_chunks: 1.
 - use_allocation_guard: 0.
 - handle_deallocations: 1.


Internal statistics:

num_allocs_failed_limit: 20.
num_arena_births: 1788.
num_arena_deaths: 0.
num_vsnodes_births: 4.
num_vsnodes_deaths: 0.
num_space_committed: 3379.
num_space_uncommitted: 0.
num_chunks_returned_to_freelist: 20.
num_chunks_taken_from_freelist: 10600.
num_chunk_merges: 20.
num_chunk_splits: 7515.
num_chunks_enlarged: 5476.
num_inconsistent_stats: 0.

CodeHeap 'non-profiled nmethods': size=120000Kb used=12137Kb max_used=12137Kb free=107862Kb
 bounds [0x0000024455b00000, 0x00000244566e0000, 0x000002445d030000]
CodeHeap 'profiled nmethods': size=120000Kb used=47263Kb max_used=47263Kb free=72736Kb
 bounds [0x000002444e030000, 0x0000024450e60000, 0x0000024455560000]
CodeHeap 'non-nmethods': size=5760Kb used=2035Kb max_used=2076Kb free=3725Kb
 bounds [0x0000024455560000, 0x00000244557d0000, 0x0000024455b00000]
 total_blobs=23015 nmethods=21823 adapters=1101
 compilation: enabled
              stopped_count=0, restarted_count=0
 full_count=0

Compilation events (20 events):
Event: 41.146 Thread 0x000002446916d610 nmethod 26416 0x0000024450e52f90 code [0x0000024450e531a0, 0x0000024450e536b8]
Event: 41.146 Thread 0x000002446916d610 26411   !   2       com.android.tools.r8.internal.ir::b (54 bytes)
Event: 41.147 Thread 0x000002446916d610 nmethod 26411 0x0000024450e53990 code [0x0000024450e53b40, 0x0000024450e53d38]
Event: 41.147 Thread 0x000002446916d610 26410       2       com.android.tools.r8.internal.gr::a (8 bytes)
Event: 41.147 Thread 0x000002446916d610 nmethod 26410 0x0000024450e53f10 code [0x0000024450e540c0, 0x0000024450e541e8]
Event: 41.147 Thread 0x000002446916d610 26409       2       com.android.tools.r8.internal.ir::c (8 bytes)
Event: 41.147 Thread 0x000002446916d610 nmethod 26409 0x0000024450e54290 code [0x0000024450e54440, 0x0000024450e54568]
Event: 41.147 Thread 0x000002446916d610 26407       2       com.android.tools.r8.internal.v84::a (2 bytes)
Event: 41.147 Thread 0x000002446916d610 nmethod 26407 0x0000024450e54610 code [0x0000024450e547a0, 0x0000024450e548b8]
Event: 41.147 Thread 0x000002446916d610 26394       2       jdk.internal.misc.Unsafe::getAndSetInt (24 bytes)
Event: 41.147 Thread 0x000002446916d610 nmethod 26394 0x0000024450e54990 code [0x0000024450e54b40, 0x0000024450e54d28]
Event: 41.151 Thread 0x000002446916d610 26423       3       com.android.tools.r8.internal.w74::a (21 bytes)
Event: 41.152 Thread 0x000002446916d610 nmethod 26423 0x0000024450e54e10 code [0x0000024450e54fc0, 0x0000024450e55248]
Event: 41.155 Thread 0x000002446916d610 26425       3       com.android.tools.r8.internal.ir$$Lambda$4112/0x0000024402b28888::accept (20 bytes)
Event: 41.155 Thread 0x000002446916d610 nmethod 26425 0x0000024450e55410 code [0x0000024450e555e0, 0x0000024450e55a08]
Event: 41.155 Thread 0x000002446916d610 26426       3       com.android.tools.r8.internal.z03$$Lambda$4115/0x0000024402b29308::forEach (9 bytes)
Event: 41.156 Thread 0x000002446916d610 nmethod 26426 0x0000024450e55b90 code [0x0000024450e55e80, 0x0000024450e57158]
Event: 41.156 Thread 0x000002446916d610 26427   !   3       com.android.tools.r8.internal.ir::b (54 bytes)
Event: 41.157 Thread 0x000002446916d610 nmethod 26427 0x0000024450e57790 code [0x0000024450e57960, 0x0000024450e57cb8]
Event: 41.168 Thread 0x000002446916d610 26428 % !   3       com.android.tools.r8.internal.x74::forEach @ 7 (123 bytes)

GC Heap History (20 events):
Event: 33.322 GC heap after
{Heap after GC invocations=47 (full 0):
 garbage-first heap   total 577536K, used 308235K [0x0000000700000000, 0x0000000800000000)
  region size 2048K, 4 young (8192K), 4 survivors (8192K)
 Metaspace       used 162374K, committed 163456K, reserved 1245184K
  class space    used 20820K, committed 21376K, reserved 1048576K
}
Event: 34.603 GC heap before
{Heap before GC invocations=47 (full 0):
 garbage-first heap   total 577536K, used 502795K [0x0000000700000000, 0x0000000800000000)
  region size 2048K, 77 young (157696K), 4 survivors (8192K)
 Metaspace       used 173277K, committed 174336K, reserved 1245184K
  class space    used 21888K, committed 22400K, reserved 1048576K
}
Event: 34.615 GC heap after
{Heap after GC invocations=48 (full 0):
 garbage-first heap   total 577536K, used 369566K [0x0000000700000000, 0x0000000800000000)
  region size 2048K, 10 young (20480K), 10 survivors (20480K)
 Metaspace       used 173277K, committed 174336K, reserved 1245184K
  class space    used 21888K, committed 22400K, reserved 1048576K
}
Event: 35.313 GC heap before
{Heap before GC invocations=48 (full 0):
 garbage-first heap   total 577536K, used 469918K [0x0000000700000000, 0x0000000800000000)
  region size 2048K, 54 young (110592K), 10 survivors (20480K)
 Metaspace       used 180529K, committed 181568K, reserved 1245184K
  class space    used 23072K, committed 23616K, reserved 1048576K
}
Event: 35.330 GC heap after
{Heap after GC invocations=49 (full 0):
 garbage-first heap   total 577536K, used 392027K [0x0000000700000000, 0x0000000800000000)
  region size 2048K, 7 young (14336K), 7 survivors (14336K)
 Metaspace       used 180529K, committed 181568K, reserved 1245184K
  class space    used 23072K, committed 23616K, reserved 1048576K
}
Event: 35.727 GC heap before
{Heap before GC invocations=50 (full 0):
 garbage-first heap   total 577536K, used 533339K [0x0000000700000000, 0x0000000800000000)
  region size 2048K, 49 young (100352K), 7 survivors (14336K)
 Metaspace       used 182442K, committed 183488K, reserved 1245184K
  class space    used 23342K, committed 23872K, reserved 1048576K
}
Event: 35.745 GC heap after
{Heap after GC invocations=51 (full 0):
 garbage-first heap   total 577536K, used 395207K [0x0000000700000000, 0x0000000800000000)
  region size 2048K, 7 young (14336K), 7 survivors (14336K)
 Metaspace       used 182442K, committed 183488K, reserved 1245184K
  class space    used 23342K, committed 23872K, reserved 1048576K
}
Event: 35.813 GC heap before
{Heap before GC invocations=51 (full 0):
 garbage-first heap   total 577536K, used 407495K [0x0000000700000000, 0x0000000800000000)
  region size 2048K, 14 young (28672K), 7 survivors (14336K)
 Metaspace       used 182759K, committed 183872K, reserved 1245184K
  class space    used 23386K, committed 23936K, reserved 1048576K
}
Event: 35.825 GC heap after
{Heap after GC invocations=52 (full 0):
 garbage-first heap   total 577536K, used 343966K [0x0000000700000000, 0x0000000800000000)
  region size 2048K, 2 young (4096K), 2 survivors (4096K)
 Metaspace       used 182759K, committed 183872K, reserved 1245184K
  class space    used 23386K, committed 23936K, reserved 1048576K
}
Event: 35.950 GC heap before
{Heap before GC invocations=52 (full 0):
 garbage-first heap   total 577536K, used 366494K [0x0000000700000000, 0x0000000800000000)
  region size 2048K, 14 young (28672K), 2 survivors (4096K)
 Metaspace       used 183844K, committed 184896K, reserved 1245184K
  class space    used 23547K, committed 24064K, reserved 1048576K
}
Event: 35.965 GC heap after
{Heap after GC invocations=53 (full 0):
 garbage-first heap   total 577536K, used 322337K [0x0000000700000000, 0x0000000800000000)
  region size 2048K, 2 young (4096K), 2 survivors (4096K)
 Metaspace       used 183844K, committed 184896K, reserved 1245184K
  class space    used 23547K, committed 24064K, reserved 1048576K
}
Event: 36.463 GC heap before
{Heap before GC invocations=53 (full 0):
 garbage-first heap   total 577536K, used 457505K [0x0000000700000000, 0x0000000800000000)
  region size 2048K, 66 young (135168K), 2 survivors (4096K)
 Metaspace       used 187893K, committed 188992K, reserved 1245184K
  class space    used 24106K, committed 24640K, reserved 1048576K
}
Event: 36.492 GC heap after
{Heap after GC invocations=54 (full 0):
 garbage-first heap   total 577536K, used 366166K [0x0000000700000000, 0x0000000800000000)
  region size 2048K, 9 young (18432K), 9 survivors (18432K)
 Metaspace       used 187893K, committed 188992K, reserved 1245184K
  class space    used 24106K, committed 24640K, reserved 1048576K
}
Event: 37.182 GC heap before
{Heap before GC invocations=55 (full 0):
 garbage-first heap   total 649216K, used 454230K [0x0000000700000000, 0x0000000800000000)
  region size 2048K, 52 young (106496K), 9 survivors (18432K)
 Metaspace       used 190931K, committed 192064K, reserved 1245184K
  class space    used 24643K, committed 25216K, reserved 1048576K
}
Event: 37.216 GC heap after
{Heap after GC invocations=56 (full 0):
 garbage-first heap   total 649216K, used 390605K [0x0000000700000000, 0x0000000800000000)
  region size 2048K, 7 young (14336K), 7 survivors (14336K)
 Metaspace       used 190931K, committed 192064K, reserved 1245184K
  class space    used 24643K, committed 25216K, reserved 1048576K
}
Event: 37.329 GC heap before
{Heap before GC invocations=56 (full 0):
 garbage-first heap   total 649216K, used 411085K [0x0000000700000000, 0x0000000800000000)
  region size 2048K, 15 young (30720K), 7 survivors (14336K)
 Metaspace       used 191788K, committed 192896K, reserved 1245184K
  class space    used 24749K, committed 25280K, reserved 1048576K
}
Event: 37.354 GC heap after
{Heap after GC invocations=57 (full 0):
 garbage-first heap   total 1298432K, used 387879K [0x0000000700000000, 0x0000000800000000)
  region size 2048K, 2 young (4096K), 2 survivors (4096K)
 Metaspace       used 191788K, committed 192896K, reserved 1245184K
  class space    used 24749K, committed 25280K, reserved 1048576K
}
Event: 39.277 GC heap before
{Heap before GC invocations=57 (full 0):
 garbage-first heap   total 1298432K, used 895783K [0x0000000700000000, 0x0000000800000000)
  region size 2048K, 250 young (512000K), 2 survivors (4096K)
 Metaspace       used 201641K, committed 202816K, reserved 1245184K
  class space    used 25820K, committed 26368K, reserved 1048576K
}
Event: 39.430 GC heap after
{Heap after GC invocations=58 (full 0):
 garbage-first heap   total 1298432K, used 577536K [0x0000000700000000, 0x0000000800000000)
  region size 2048K, 32 young (65536K), 32 survivors (65536K)
 Metaspace       used 201641K, committed 202816K, reserved 1245184K
  class space    used 25820K, committed 26368K, reserved 1048576K
}
Event: 41.173 GC heap before
{Heap before GC invocations=58 (full 0):
 garbage-first heap   total 1298432K, used 882688K [0x0000000700000000, 0x0000000800000000)
  region size 2048K, 179 young (366592K), 32 survivors (65536K)
 Metaspace       used 215361K, committed 216576K, reserved 1245184K
  class space    used 27338K, committed 27904K, reserved 1048576K
}

Dll operation events (16 events):
Event: 0.010 Loaded shared library C:\Program Files\Eclipse Adoptium\jdk-17.0.18.8-hotspot\bin\java.dll
Event: 0.030 Loaded shared library C:\Program Files\Eclipse Adoptium\jdk-17.0.18.8-hotspot\bin\jsvml.dll
Event: 0.077 Loaded shared library C:\Program Files\Eclipse Adoptium\jdk-17.0.18.8-hotspot\bin\zip.dll
Event: 0.079 Loaded shared library C:\Program Files\Eclipse Adoptium\jdk-17.0.18.8-hotspot\bin\instrument.dll
Event: 0.085 Loaded shared library C:\Program Files\Eclipse Adoptium\jdk-17.0.18.8-hotspot\bin\net.dll
Event: 0.088 Loaded shared library C:\Program Files\Eclipse Adoptium\jdk-17.0.18.8-hotspot\bin\nio.dll
Event: 0.090 Loaded shared library C:\Program Files\Eclipse Adoptium\jdk-17.0.18.8-hotspot\bin\zip.dll
Event: 0.349 Loaded shared library C:\Program Files\Eclipse Adoptium\jdk-17.0.18.8-hotspot\bin\jimage.dll
Event: 0.527 Loaded shared library C:\Program Files\Eclipse Adoptium\jdk-17.0.18.8-hotspot\bin\verify.dll
Event: 0.559 Loaded shared library C:\Users\LENOVO\.gradle\native\1def1411415f61bf3af743bc5b6707747c0891f09f0c88961ee8f79bc544acac\windows-amd64\native-platform.dll
Event: 0.596 Loaded shared library C:\Users\LENOVO\.gradle\native\0.2.8\x86_64-windows-gnu\gradle-fileevents.dll
Event: 1.770 Loaded shared library C:\Program Files\Eclipse Adoptium\jdk-17.0.18.8-hotspot\bin\management.dll
Event: 1.773 Loaded shared library C:\Program Files\Eclipse Adoptium\jdk-17.0.18.8-hotspot\bin\management_ext.dll
Event: 1.993 Loaded shared library C:\Program Files\Eclipse Adoptium\jdk-17.0.18.8-hotspot\bin\extnet.dll
Event: 2.223 Loaded shared library C:\Program Files\Eclipse Adoptium\jdk-17.0.18.8-hotspot\bin\sunmscapi.dll
Event: 40.038 Loaded shared library C:\Program Files\Eclipse Adoptium\jdk-17.0.18.8-hotspot\bin\awt.dll

Deoptimization events (20 events):
Event: 40.995 Thread 0x000002446f328450 Uncommon trap: trap_request=0xffffff45 fr.pc=0x00000244564e8a5c relative=0x0000000000001fbc
Event: 40.996 Thread 0x000002446f328450 Uncommon trap: reason=unstable_if action=reinterpret pc=0x00000244564e8a5c method=org.gradle.api.internal.changedetection.state.CachingFileHasher.snapshot(Ljava/io/File;JJ)Lorg/gradle/api/internal/changedetection/state/CachingFileHasher$FileInfo; @ 48 c2
Event: 40.996 Thread 0x000002446f328450 DEOPT PACKING pc=0x00000244564e8a5c sp=0x000000de45dfb770
Event: 40.996 Thread 0x000002446f328450 DEOPT UNPACKING pc=0x00000244555b69a3 sp=0x000000de45dfb628 mode 2
Event: 40.998 Thread 0x000002446f328450 Uncommon trap: trap_request=0xffffff45 fr.pc=0x00000244564fc558 relative=0x0000000000000e18
Event: 40.998 Thread 0x000002446f328450 Uncommon trap: reason=unstable_if action=reinterpret pc=0x00000244564fc558 method=org.gradle.api.internal.changedetection.state.CachingFileHasher.snapshot(Ljava/io/File;JJ)Lorg/gradle/api/internal/changedetection/state/CachingFileHasher$FileInfo; @ 48 c2
Event: 40.998 Thread 0x000002446f328450 DEOPT PACKING pc=0x00000244564fc558 sp=0x000000de45dfb640
Event: 40.998 Thread 0x000002446f328450 DEOPT UNPACKING pc=0x00000244555b69a3 sp=0x000000de45dfb608 mode 2
Event: 41.014 Thread 0x000002448c1ab830 DEOPT PACKING pc=0x0000024450cdccf7 sp=0x000000de487fec80
Event: 41.014 Thread 0x000002448c1ab830 DEOPT UNPACKING pc=0x00000244555b7143 sp=0x000000de487fe118 mode 0
Event: 41.084 Thread 0x000002448bcdb6d0 Uncommon trap: trap_request=0xffffffc6 fr.pc=0x0000024456293460 relative=0x0000000000000300
Event: 41.084 Thread 0x000002448bcdb6d0 Uncommon trap: reason=bimorphic_or_optimized_type_check action=maybe_recompile pc=0x0000024456293460 method=java.lang.ThreadLocal.remove()V @ 4 c2
Event: 41.084 Thread 0x000002448bcdb6d0 DEOPT PACKING pc=0x0000024456293460 sp=0x000000de471fcbc0
Event: 41.084 Thread 0x000002448bcdb6d0 DEOPT UNPACKING pc=0x00000244555b69a3 sp=0x000000de471fcb80 mode 2
Event: 41.088 Thread 0x000002448bcdb6d0 Uncommon trap: trap_request=0xffffffde fr.pc=0x000002445615df64 relative=0x0000000000000264
Event: 41.088 Thread 0x000002448bcdb6d0 Uncommon trap: reason=class_check action=maybe_recompile pc=0x000002445615df64 method=org.gradle.internal.operations.logging.LoggingBuildOperationProgressBroadcaster.onOutput(Lorg/gradle/internal/logging/events/OutputEvent;)V @ 8 c2
Event: 41.088 Thread 0x000002448bcdb6d0 DEOPT PACKING pc=0x000002445615df64 sp=0x000000de471fd9a0
Event: 41.088 Thread 0x000002448bcdb6d0 DEOPT UNPACKING pc=0x00000244555b69a3 sp=0x000000de471fd8e0 mode 2
Event: 41.091 Thread 0x000002448bcdb6d0 DEOPT PACKING pc=0x000002444f56fb44 sp=0x000000de471feb60
Event: 41.091 Thread 0x000002448bcdb6d0 DEOPT UNPACKING pc=0x00000244555b7143 sp=0x000000de471fe0f8 mode 0

Classes loaded (20 events):
Event: 40.832 Loading class java/util/TreeMap$NavigableSubMap$DescendingSubMapEntryIterator
Event: 40.832 Loading class java/util/TreeMap$NavigableSubMap$SubMapIterator
Event: 40.833 Loading class java/util/TreeMap$NavigableSubMap$SubMapIterator done
Event: 40.833 Loading class java/util/TreeMap$NavigableSubMap$DescendingSubMapEntryIterator done
Event: 40.855 Loading class com/sun/org/apache/xerces/internal/dom/DeepNodeListImpl
Event: 40.855 Loading class com/sun/org/apache/xerces/internal/dom/DeepNodeListImpl done
Event: 41.089 Loading class java/util/WeakHashMap$KeyIterator
Event: 41.090 Loading class java/util/WeakHashMap$HashIterator
Event: 41.091 Loading class java/util/WeakHashMap$HashIterator done
Event: 41.091 Loading class java/util/WeakHashMap$KeyIterator done
Event: 41.153 Loading class java/util/IdentityHashMap$ValueIterator
Event: 41.153 Loading class java/util/IdentityHashMap$ValueIterator done
Event: 41.153 Loading class sun/awt/AppContext$PostShutdownEventRunnable
Event: 41.153 Loading class sun/awt/AppContext$PostShutdownEventRunnable done
Event: 41.153 Loading class sun/awt/AWTAutoShutdown$1
Event: 41.153 Loading class sun/awt/AWTAutoShutdown$1 done
Event: 41.153 Loading class java/awt/AWTEvent$1
Event: 41.153 Loading class sun/awt/AWTAccessor$AWTEventAccessor
Event: 41.153 Loading class sun/awt/AWTAccessor$AWTEventAccessor done
Event: 41.153 Loading class java/awt/AWTEvent$1 done

Classes unloaded (0 events):
No events

Classes redefined (0 events):
No events

Internal exceptions (20 events):
Event: 40.015 Thread 0x000002448bcdb6d0 Exception <a 'java/lang/ClassNotFoundException'{0x0000000748a33708}: sun/awt/resources/spi/awtProvider> (0x0000000748a33708) 
thrown [s\src\hotspot\share\classfile\systemDictionary.cpp, line 256]
Event: 40.045 Thread 0x000002448bcdb6d0 Exception <a 'java/io/FileNotFoundException'{0x0000000748a40f90}> (0x0000000748a40f90) 
thrown [s\src\hotspot\share\prims\jni.cpp, line 516]
Event: 40.045 Thread 0x000002448bcdb6d0 Exception <a 'java/io/FileNotFoundException'{0x0000000748a42500}> (0x0000000748a42500) 
thrown [s\src\hotspot\share\prims\jni.cpp, line 516]
Event: 40.202 Thread 0x000002446f328450 Exception <a 'sun/nio/fs/WindowsException'{0x0000000745422128}> (0x0000000745422128) 
thrown [s\src\hotspot\share\prims\jni.cpp, line 516]
Event: 40.203 Thread 0x000002446f328450 Exception <a 'sun/nio/fs/WindowsException'{0x0000000745422ff0}> (0x0000000745422ff0) 
thrown [s\src\hotspot\share\prims\jni.cpp, line 516]
Event: 40.203 Thread 0x000002446f328450 Exception <a 'sun/nio/fs/WindowsException'{0x0000000745423180}> (0x0000000745423180) 
thrown [s\src\hotspot\share\prims\jni.cpp, line 516]
Event: 40.203 Thread 0x000002446f328450 Exception <a 'sun/nio/fs/WindowsException'{0x0000000745424218}> (0x0000000745424218) 
thrown [s\src\hotspot\share\prims\jni.cpp, line 516]
Event: 40.204 Thread 0x000002446f328450 Exception <a 'sun/nio/fs/WindowsException'{0x00000007454250a8}> (0x00000007454250a8) 
thrown [s\src\hotspot\share\prims\jni.cpp, line 516]
Event: 40.204 Thread 0x000002446f328450 Exception <a 'sun/nio/fs/WindowsException'{0x0000000745425200}> (0x0000000745425200) 
thrown [s\src\hotspot\share\prims\jni.cpp, line 516]
Event: 40.204 Thread 0x000002446f328450 Exception <a 'sun/nio/fs/WindowsException'{0x0000000745426488}> (0x0000000745426488) 
thrown [s\src\hotspot\share\prims\jni.cpp, line 516]
Event: 40.204 Thread 0x000002446f328450 Exception <a 'sun/nio/fs/WindowsException'{0x00000007454272d0}> (0x00000007454272d0) 
thrown [s\src\hotspot\share\prims\jni.cpp, line 516]
Event: 40.204 Thread 0x000002446f328450 Exception <a 'sun/nio/fs/WindowsException'{0x00000007454273e0}> (0x00000007454273e0) 
thrown [s\src\hotspot\share\prims\jni.cpp, line 516]
Event: 40.569 Thread 0x0000024469683ea0 Exception <a 'java/lang/IncompatibleClassChangeError'{0x00000007424c5568}: Found class java.lang.Object, but interface was expected> (0x00000007424c5568) 
thrown [s\src\hotspot\share\interpreter\linkResolver.cpp, line 826]
Event: 40.570 Thread 0x0000024469683ea0 Exception <a 'java/lang/NoSuchMethodError'{0x00000007424ce098}: 'void java.lang.invoke.DirectMethodHandle$Holder.invokeInterface(java.lang.Object, java.lang.Object, java.lang.Object, int)'> (0x00000007424ce098) 
thrown [s\src\hotspot\share\interpreter\linkResolver.cpp, line 759]
Event: 40.878 Thread 0x0000024469683ea0 Exception <a 'java/lang/NoSuchMethodError'{0x00000007402d6c40}: 'void java.lang.invoke.DirectMethodHandle$Holder.invokeSpecial(java.lang.Object, java.lang.Object, java.lang.Object, java.lang.Object, int)'> (0x00000007402d6c40) 
thrown [s\src\hotspot\share\interpreter\linkResolver.cpp, line 759]
Event: 41.064 Thread 0x000002448bcdb6d0 Exception <a 'java/lang/IncompatibleClassChangeError'{0x000000073eacfb28}: Class  does not implement the requested interface ksp.com.intellij.lang.ASTNode> (0x000000073eacfb28) 
thrown [s\src\hotspot\share\interpreter\linkResolver.cpp, line 1443]
Event: 41.087 Thread 0x000002448bcdb6d0 Exception <a 'java/lang/reflect/InvocationTargetException'{0x000000073e8a5098}> (0x000000073e8a5098) 
thrown [s\src\hotspot\share\runtime\reflection.cpp, line 1128]
Event: 41.112 Thread 0x0000024469682f70 Exception <a 'java/lang/NoSuchMethodError'{0x000000073e514d18}: 'java.lang.Object java.lang.invoke.DirectMethodHandle$Holder.newInvokeSpecial(java.lang.Object, java.lang.Object, int, java.lang.Object)'> (0x000000073e514d18) 
thrown [s\src\hotspot\share\interpreter\linkResolver.cpp, line 759]
Event: 41.112 Thread 0x0000024469682f70 Exception <a 'java/lang/NoSuchMethodError'{0x000000073e5188e0}: 'java.lang.Object java.lang.invoke.Invokers$Holder.linkToTargetMethod(java.lang.Object, int, java.lang.Object, java.lang.Object)'> (0x000000073e5188e0) 
thrown [s\src\hotspot\share\interpreter\linkResolver.cpp, line 759]
Event: 41.122 Thread 0x0000024469683ea0 Exception <a 'java/lang/NoSuchMethodError'{0x000000073e234608}: 'java.lang.Object java.lang.invoke.DirectMethodHandle$Holder.invokeStatic(java.lang.Object, int, java.lang.Object)'> (0x000000073e234608) 
thrown [s\src\hotspot\share\interpreter\linkResolver.cpp, line 759]

VM Operations (20 events):
Event: 40.720 Executing VM operation: HandshakeAllThreads done
Event: 40.744 Executing VM operation: HandshakeAllThreads
Event: 40.745 Executing VM operation: HandshakeAllThreads done
Event: 40.843 Executing VM operation: ICBufferFull
Event: 40.843 Executing VM operation: ICBufferFull done
Event: 40.881 Executing VM operation: HandshakeAllThreads
Event: 40.882 Executing VM operation: HandshakeAllThreads done
Event: 40.901 Executing VM operation: HandshakeAllThreads
Event: 40.901 Executing VM operation: HandshakeAllThreads done
Event: 40.901 Executing VM operation: HandshakeAllThreads
Event: 40.901 Executing VM operation: HandshakeAllThreads done
Event: 41.035 Executing VM operation: HandshakeAllThreads
Event: 41.035 Executing VM operation: HandshakeAllThreads done
Event: 41.081 Executing VM operation: HandshakeAllThreads
Event: 41.081 Executing VM operation: HandshakeAllThreads done
Event: 41.094 Executing VM operation: HandshakeAllThreads
Event: 41.094 Executing VM operation: HandshakeAllThreads done
Event: 41.147 Executing VM operation: ICBufferFull
Event: 41.147 Executing VM operation: ICBufferFull done
Event: 41.172 Executing VM operation: G1CollectForAllocation

Memory protections (0 events):
No events

Nmethod flushes (20 events):
Event: 38.397 Thread 0x000002446916ff30 flushing  nmethod 0x0000024450cb2e10
Event: 38.397 Thread 0x000002446916ff30 flushing  nmethod 0x0000024450cb3490
Event: 38.397 Thread 0x000002446916ff30 flushing  nmethod 0x0000024450cb3e10
Event: 38.397 Thread 0x000002446916ff30 flushing  nmethod 0x0000024450cc2d10
Event: 38.397 Thread 0x000002446916ff30 flushing  nmethod 0x0000024450cc3210
Event: 38.397 Thread 0x000002446916ff30 flushing  nmethod 0x0000024450cc5d90
Event: 38.398 Thread 0x000002446916ff30 flushing  nmethod 0x0000024450cc6690
Event: 40.908 Thread 0x000002446916ff30 flushing  nmethod 0x0000024456620a10
Event: 40.914 Thread 0x000002446916ff30 flushing  nmethod 0x000002444e5ea010
Event: 40.951 Thread 0x000002446916ff30 flushing  nmethod 0x0000024450a9ff10
Event: 40.952 Thread 0x000002446916ff30 flushing  nmethod 0x0000024450b66490
Event: 40.952 Thread 0x000002446916ff30 flushing  nmethod 0x0000024450bfb190
Event: 40.952 Thread 0x000002446916ff30 flushing  nmethod 0x0000024450c0dd10
Event: 40.952 Thread 0x000002446916ff30 flushing  nmethod 0x0000024450c31490
Event: 40.952 Thread 0x000002446916ff30 flushing  nmethod 0x0000024450c4e390
Event: 40.952 Thread 0x000002446916ff30 flushing  nmethod 0x0000024450c59290
Event: 40.953 Thread 0x000002446916ff30 flushing  nmethod 0x0000024450ca3390
Event: 40.953 Thread 0x000002446916ff30 flushing  nmethod 0x0000024450caf590
Event: 40.953 Thread 0x000002446916ff30 flushing  nmethod 0x0000024450cafa10
Event: 40.953 Thread 0x000002446916ff30 flushing  nmethod 0x0000024450d1dc90

Events (20 events):
Event: 34.418 Thread 0x000002448b897a00 Thread added: 0x000002448ba90070
Event: 36.436 Thread 0x000002448c1ab830 Thread exited: 0x000002448c1ab830
Event: 36.437 Thread 0x000002448b89d010 Thread exited: 0x000002448b89d010
Event: 36.851 Thread 0x0000024469683ea0 Thread added: 0x000002448c1ab830
Event: 36.852 Thread 0x000002448c1ab830 Thread added: 0x000002447bd5ffb0
Event: 36.853 Thread 0x000002447bd5ffb0 Thread added: 0x000002448c1ae0b0
Event: 36.901 Thread 0x000002448c1ae0b0 Thread added: 0x000002448ba90a90
Event: 36.919 Thread 0x000002448ba90a90 Thread added: 0x000002447b22e0b0
Event: 36.980 Thread 0x000002447b22e0b0 Thread added: 0x0000024481503a20
Event: 38.333 Thread 0x000002448bcdb6d0 Thread added: 0x000002448b89d010
Event: 38.381 Thread 0x000002448bcdb6d0 Thread added: 0x000002447bd61e10
Event: 39.244 Thread 0x000002448bcdb6d0 Thread added: 0x000002447bd5f080
Event: 40.004 Thread 0x000002447bd5f080 Thread added: 0x000002447b22ead0
Event: 40.109 Thread 0x000002448bcdb6d0 Thread added: 0x0000024481ab84b0
Event: 40.110 Thread 0x000002448bcdb6d0 Thread added: 0x0000024481ab93e0
Event: 40.114 Thread 0x000002448bcdb6d0 Thread added: 0x000002446ee2bec0
Event: 40.707 Thread 0x000002448bcdb6d0 Thread added: 0x000002448c1adba0
Event: 40.710 Thread 0x000002447b22ead0 Thread added: 0x000002448cc023d0
Event: 40.710 Thread 0x000002448bcdb6d0 Thread added: 0x000002448c1acc70
Event: 41.154 Thread 0x0000024481ab93e0 Thread exited: 0x0000024481ab93e0


Dynamic libraries:
0x00007ff69ab70000 - 0x00007ff69ab7e000 	C:\Program Files\Eclipse Adoptium\jdk-17.0.18.8-hotspot\bin\java.exe
0x00007ff874d60000 - 0x00007ff874fc8000 	C:\WINDOWS\SYSTEM32\ntdll.dll
0x00007ff873d30000 - 0x00007ff873df9000 	C:\WINDOWS\System32\KERNEL32.DLL
0x00007ff871b20000 - 0x00007ff871f11000 	C:\WINDOWS\System32\KERNELBASE.dll
0x00007ff8718a0000 - 0x00007ff8719eb000 	C:\WINDOWS\System32\ucrtbase.dll
0x00007ff860fc0000 - 0x00007ff860fd8000 	C:\Program Files\Eclipse Adoptium\jdk-17.0.18.8-hotspot\bin\jli.dll
0x00007ff862790000 - 0x00007ff8627ae000 	C:\Program Files\Eclipse Adoptium\jdk-17.0.18.8-hotspot\bin\VCRUNTIME140.dll
0x00007ff874a50000 - 0x00007ff874c16000 	C:\WINDOWS\System32\USER32.dll
0x00007ff870740000 - 0x00007ff8709d3000 	C:\WINDOWS\WinSxS\amd64_microsoft.windows.common-controls_6595b64144ccf1df_6.0.26100.7705_none_3e06597ae3363b04\COMCTL32.dll
0x00007ff871870000 - 0x00007ff871897000 	C:\WINDOWS\System32\win32u.dll
0x00007ff872b90000 - 0x00007ff872c39000 	C:\WINDOWS\System32\msvcrt.dll
0x00007ff874000000 - 0x00007ff87402b000 	C:\WINDOWS\System32\GDI32.dll
0x00007ff8719f0000 - 0x00007ff871b1b000 	C:\WINDOWS\System32\gdi32full.dll
0x00007ff872070000 - 0x00007ff872113000 	C:\WINDOWS\System32\msvcp_win.dll
0x00007ff873fc0000 - 0x00007ff873ff1000 	C:\WINDOWS\System32\IMM32.DLL
0x00007ff8639b0000 - 0x00007ff8639bc000 	C:\Program Files\Eclipse Adoptium\jdk-17.0.18.8-hotspot\bin\vcruntime140_1.dll
0x00007ff856000000 - 0x00007ff85608d000 	C:\Program Files\Eclipse Adoptium\jdk-17.0.18.8-hotspot\bin\msvcp140.dll
0x00007fffc7e20000 - 0x00007fffc8a8b000 	C:\Program Files\Eclipse Adoptium\jdk-17.0.18.8-hotspot\bin\server\jvm.dll
0x00007ff873e00000 - 0x00007ff873eb4000 	C:\WINDOWS\System32\ADVAPI32.dll
0x00007ff8747f0000 - 0x00007ff874896000 	C:\WINDOWS\System32\sechost.dll
0x00007ff8734a0000 - 0x00007ff8735b8000 	C:\WINDOWS\System32\RPCRT4.dll
0x00007ff873ec0000 - 0x00007ff873f34000 	C:\WINDOWS\System32\WS2_32.dll
0x00007ff868ad0000 - 0x00007ff868b05000 	C:\WINDOWS\SYSTEM32\WINMM.dll
0x00007ff8714a0000 - 0x00007ff8714fe000 	C:\WINDOWS\SYSTEM32\POWRPROF.dll
0x00007ff86a5d0000 - 0x00007ff86a5db000 	C:\WINDOWS\SYSTEM32\VERSION.dll
0x00007ff871480000 - 0x00007ff871494000 	C:\WINDOWS\SYSTEM32\UMPDC.dll
0x00007ff86fcd0000 - 0x00007ff86fceb000 	C:\WINDOWS\SYSTEM32\kernel.appcore.dll
0x00007ff863590000 - 0x00007ff86359a000 	C:\Program Files\Eclipse Adoptium\jdk-17.0.18.8-hotspot\bin\jimage.dll
0x00007ff870e10000 - 0x00007ff871052000 	C:\WINDOWS\SYSTEM32\DBGHELP.DLL
0x00007ff872f20000 - 0x00007ff8732a6000 	C:\WINDOWS\System32\combase.dll
0x00007ff8735c0000 - 0x00007ff873697000 	C:\WINDOWS\System32\OLEAUT32.dll
0x00007ff870ce0000 - 0x00007ff870d1b000 	C:\WINDOWS\SYSTEM32\dbgcore.DLL
0x00007ff871640000 - 0x00007ff8716e5000 	C:\WINDOWS\System32\bcryptPrimitives.dll
0x00007ff862720000 - 0x00007ff86272e000 	C:\Program Files\Eclipse Adoptium\jdk-17.0.18.8-hotspot\bin\instrument.dll
0x00007ff855fd0000 - 0x00007ff855ff5000 	C:\Program Files\Eclipse Adoptium\jdk-17.0.18.8-hotspot\bin\java.dll
0x00007ff80cc10000 - 0x00007ff80cce7000 	C:\Program Files\Eclipse Adoptium\jdk-17.0.18.8-hotspot\bin\jsvml.dll
0x00007ff874030000 - 0x00007ff874781000 	C:\WINDOWS\System32\SHELL32.dll
0x00007ff872120000 - 0x00007ff87228a000 	C:\WINDOWS\System32\wintypes.dll
0x00007ff872290000 - 0x00007ff872af2000 	C:\WINDOWS\System32\windows.storage.dll
0x00007ff874c20000 - 0x00007ff874d16000 	C:\WINDOWS\System32\SHCORE.dll
0x00007ff8736a0000 - 0x00007ff873707000 	C:\WINDOWS\System32\shlwapi.dll
0x00007ff871560000 - 0x00007ff871589000 	C:\WINDOWS\SYSTEM32\profapi.dll
0x00007ff856a40000 - 0x00007ff856a58000 	C:\Program Files\Eclipse Adoptium\jdk-17.0.18.8-hotspot\bin\zip.dll
0x00007ff85d550000 - 0x00007ff85d56a000 	C:\Program Files\Eclipse Adoptium\jdk-17.0.18.8-hotspot\bin\net.dll
0x00007ff86a100000 - 0x00007ff86a227000 	C:\WINDOWS\SYSTEM32\WINHTTP.dll
0x00007ff870200000 - 0x00007ff87026b000 	C:\WINDOWS\system32\mswsock.dll
0x00007ff8577d0000 - 0x00007ff8577e6000 	C:\Program Files\Eclipse Adoptium\jdk-17.0.18.8-hotspot\bin\nio.dll
0x00007ff862ae0000 - 0x00007ff862af0000 	C:\Program Files\Eclipse Adoptium\jdk-17.0.18.8-hotspot\bin\verify.dll
0x00007ff863560000 - 0x00007ff863587000 	C:\Users\LENOVO\.gradle\native\1def1411415f61bf3af743bc5b6707747c0891f09f0c88961ee8f79bc544acac\windows-amd64\native-platform.dll
0x00007ff8637e0000 - 0x00007ff863857000 	C:\Users\LENOVO\.gradle\native\0.2.8\x86_64-windows-gnu\gradle-fileevents.dll
0x00007ff862f90000 - 0x00007ff862f9a000 	C:\Program Files\Eclipse Adoptium\jdk-17.0.18.8-hotspot\bin\management.dll
0x00007ff862d50000 - 0x00007ff862d5c000 	C:\Program Files\Eclipse Adoptium\jdk-17.0.18.8-hotspot\bin\management_ext.dll
0x00007ff8733d0000 - 0x00007ff8733d8000 	C:\WINDOWS\System32\PSAPI.DLL
0x00007ff86f520000 - 0x00007ff86f554000 	C:\WINDOWS\SYSTEM32\IPHLPAPI.DLL
0x00007ff8733c0000 - 0x00007ff8733ca000 	C:\WINDOWS\System32\NSI.dll
0x00007ff86a3c0000 - 0x00007ff86a3de000 	C:\WINDOWS\SYSTEM32\dhcpcsvc6.DLL
0x00007ff8697b0000 - 0x00007ff8697d3000 	C:\WINDOWS\SYSTEM32\dhcpcsvc.DLL
0x00007ff86f5e0000 - 0x00007ff86f70c000 	C:\WINDOWS\SYSTEM32\DNSAPI.dll
0x00007ff862780000 - 0x00007ff862789000 	C:\Program Files\Eclipse Adoptium\jdk-17.0.18.8-hotspot\bin\extnet.dll
0x00007ff871160000 - 0x00007ff87117b000 	C:\WINDOWS\SYSTEM32\CRYPTSP.dll
0x00007ff86fc30000 - 0x00007ff86fc69000 	C:\WINDOWS\system32\rsaenh.dll
0x00007ff8702b0000 - 0x00007ff8702db000 	C:\WINDOWS\SYSTEM32\USERENV.dll
0x00007ff871530000 - 0x00007ff87155a000 	C:\WINDOWS\SYSTEM32\bcrypt.dll
0x00007ff8704c0000 - 0x00007ff8704cc000 	C:\WINDOWS\SYSTEM32\CRYPTBASE.dll
0x00007ff862690000 - 0x00007ff86269e000 	C:\Program Files\Eclipse Adoptium\jdk-17.0.18.8-hotspot\bin\sunmscapi.dll
0x00007ff8716f0000 - 0x00007ff871867000 	C:\WINDOWS\System32\CRYPT32.dll
0x00007ff870700000 - 0x00007ff870730000 	C:\WINDOWS\SYSTEM32\ncrypt.dll
0x00007ff8706b0000 - 0x00007ff8706ef000 	C:\WINDOWS\SYSTEM32\NTASN1.dll
0x00007ff822df0000 - 0x00007ff822df8000 	C:\WINDOWS\system32\wshunix.dll
0x00007ff870db0000 - 0x00007ff870de6000 	C:\WINDOWS\SYSTEM32\ntmarta.dll
0x00007fffca7a0000 - 0x00007fffca931000 	C:\Program Files\Eclipse Adoptium\jdk-17.0.18.8-hotspot\bin\awt.dll
0x00007ff86e080000 - 0x00007ff86e11e000 	C:\WINDOWS\SYSTEM32\apphelp.dll
0x00007ff86e700000 - 0x00007ff86e7ab000 	C:\WINDOWS\system32\uxtheme.dll
0x00007ff873bc0000 - 0x00007ff873d1f000 	C:\WINDOWS\System32\MSCTF.dll
0x00007ff8748b0000 - 0x00007ff874a47000 	C:\WINDOWS\System32\ole32.dll

dbghelp: loaded successfully - version: 4.0.5 - missing functions: none
symbol engine: initialized successfully - sym options: 0x614 - pdb path: .;C:\Program Files\Eclipse Adoptium\jdk-17.0.18.8-hotspot\bin;C:\WINDOWS\SYSTEM32;C:\WINDOWS\WinSxS\amd64_microsoft.windows.common-controls_6595b64144ccf1df_6.0.26100.7705_none_3e06597ae3363b04;C:\Program Files\Eclipse Adoptium\jdk-17.0.18.8-hotspot\bin\server;C:\Users\LENOVO\.gradle\native\1def1411415f61bf3af743bc5b6707747c0891f09f0c88961ee8f79bc544acac\windows-amd64;C:\Users\LENOVO\.gradle\native\0.2.8\x86_64-windows-gnu

VM Arguments:
jvm_args: --add-opens=java.base/java.lang=ALL-UNNAMED --add-opens=java.base/java.lang.invoke=ALL-UNNAMED --add-opens=java.base/java.util=ALL-UNNAMED --add-opens=java.prefs/java.util.prefs=ALL-UNNAMED --add-exports=jdk.compiler/com.sun.tools.javac.api=ALL-UNNAMED --add-exports=jdk.compiler/com.sun.tools.javac.util=ALL-UNNAMED --add-opens=java.base/java.util=ALL-UNNAMED --add-opens=java.prefs/java.util.prefs=ALL-UNNAMED --add-opens=java.base/java.nio.charset=ALL-UNNAMED --add-opens=java.base/java.net=ALL-UNNAMED --add-opens=java.base/java.util.concurrent=ALL-UNNAMED --add-opens=java.base/java.util.concurrent.atomic=ALL-UNNAMED --add-opens=java.xml/javax.xml.namespace=ALL-UNNAMED --add-opens=java.base/java.time=ALL-UNNAMED -Xmx4096m -Dfile.encoding=UTF-8 -Duser.country=US -Duser.language=en -Duser.variant -javaagent:C:\Users\LENOVO\.gradle\wrapper\dists\gradle-9.1.0-bin\9agqghryom9wkf8r80qlhnts3\gradle-9.1.0\lib\agents\gradle-instrumentation-agent-9.1.0.jar 
java_command: org.gradle.launcher.daemon.bootstrap.GradleDaemon 9.1.0
java_class_path (initial): C:\Users\LENOVO\.gradle\wrapper\dists\gradle-9.1.0-bin\9agqghryom9wkf8r80qlhnts3\gradle-9.1.0\lib\gradle-daemon-main-9.1.0.jar
Launcher Type: SUN_STANDARD

[Global flags]
     intx CICompilerCount                          = 3                                         {product} {ergonomic}
     uint ConcGCThreads                            = 2                                         {product} {ergonomic}
     uint G1ConcRefinementThreads                  = 6                                         {product} {ergonomic}
   size_t G1HeapRegionSize                         = 2097152                                   {product} {ergonomic}
    uintx GCDrainStackTargetSize                   = 64                                        {product} {ergonomic}
   size_t InitialHeapSize                          = 165675008                                 {product} {ergonomic}
   size_t MarkStackSize                            = 4194304                                   {product} {ergonomic}
   size_t MaxHeapSize                              = 4294967296                                {product} {command line}
   size_t MaxNewSize                               = 2575302656                                {product} {ergonomic}
   size_t MinHeapDeltaBytes                        = 2097152                                   {product} {ergonomic}
   size_t MinHeapSize                              = 8388608                                   {product} {ergonomic}
    uintx NonNMethodCodeHeapSize                   = 5832780                                {pd product} {ergonomic}
    uintx NonProfiledCodeHeapSize                  = 122912730                              {pd product} {ergonomic}
    uintx ProfiledCodeHeapSize                     = 122912730                              {pd product} {ergonomic}
    uintx ReservedCodeCacheSize                    = 251658240                              {pd product} {ergonomic}
     bool SegmentedCodeCache                       = true                                      {product} {ergonomic}
   size_t SoftMaxHeapSize                          = 4294967296                             {manageable} {ergonomic}
     bool UseCompressedClassPointers               = true                           {product lp64_product} {ergonomic}
     bool UseCompressedOops                        = true                           {product lp64_product} {ergonomic}
     bool UseG1GC                                  = true                                      {product} {ergonomic}
     bool UseLargePagesIndividualAllocation        = false                                  {pd product} {ergonomic}

Logging:
Log output configuration:
 #0: stdout all=warning uptime,level,tags
 #1: stderr all=off uptime,level,tags

Environment Variables:
JAVA_HOME=C:\Program Files\Eclipse Adoptium\jdk-17.0.18.8-hotspot
PATH=C:\Program Files\Eclipse Adoptium\jdk-17.0.18.8-hotspot\bin;C:\WINDOWS\system32;C:\WINDOWS;C:\WINDOWS\System32\Wbem;C:\WINDOWS\System32\WindowsPowerShell\v1.0\;C:\WINDOWS\System32\OpenSSH\;C:\Program Files\Git\cmd;C:\Program Files\GitHub CLI\;C:\Program Files\Git\bin;C:\Program Files\Git\cmd;C:\Program Files\nodejs\;C:\Users\LENOVO\.local\bin;C:\Users\LENOVO\AppData\Local\Microsoft\WindowsApps;C:\Users\LENOVO\AppData\Local\Programs\Microsoft VS Code\bin;C:\Users\LENOVO\AppData\Roaming\npm;C:\Users\LENOVO\.local\bin;
USERNAME=LENOVO
OS=Windows_NT
PROCESSOR_IDENTIFIER=AMD64 Family 23 Model 96 Stepping 1, AuthenticAMD
TMP=C:\Users\LENOVO\AppData\Local\Temp
TEMP=C:\Users\LENOVO\AppData\Local\Temp



Periodic native trim disabled


---------------  S Y S T E M  ---------------

OS:
 Windows 11 , 64 bit Build 26100 (10.0.26100.7705)
OS uptime: 0 days 4:27 hours

CPU: total 6 (initial active 6) (6 cores per cpu, 1 threads per core) family 23 model 96 stepping 1 microcode 0x8600106, cx8, cmov, fxsr, mmx, 3dnowpref, sse, sse2, sse3, ssse3, sse4a, sse4.1, sse4.2, popcnt, lzcnt, tsc, tscinvbit, avx, avx2, aes, clmul, bmi1, bmi2, adx, sha, fma, vzeroupper, clflush, clflushopt
Processor Information for all 6 processors :
  Max Mhz: 2375, Current Mhz: 2375, Mhz Limit: 2375

Memory: 4k page, system-wide physical 10102M (626M free)
TotalPageFile size 29558M (AvailPageFile size 12470M)
current process WorkingSet (physical memory assigned to process): 1622M, peak: 1687M
current process commit charge ("private bytes"): 1854M, peak: 1876M

vm_info: OpenJDK 64-Bit Server VM (17.0.18+8) for windows-amd64 JRE (17.0.18+8), built on Jan 20 2026 22:28:22 by "admin" with MS VC++ 17.12 (VS2022)

END.
